{"nm":"Comp 1","ddd":0,"h":240,"w":400,"meta":{"g":"@lottiefiles/toolkit-js 0.33.2"},"layers":[{"ty":4,"nm":"Import3 Outlines 7","sr":1,"st":0,"op":240,"ip":0,"hd":false,"ddd":0,"bm":0,"hasMask":false,"ao":0,"ks":{"a":{"a":0,"k":[1275.5,623,0],"ix":1},"s":{"a":1,"k":[{"o":{"x":0.333,"y":0},"i":{"x":0.667,"y":1},"s":[0,0,100],"t":72},{"o":{"x":0.333,"y":0},"i":{"x":0.833,"y":1},"s":[60,60,100],"t":81},{"o":{"x":0.167,"y":0},"i":{"x":0.833,"y":1},"s":[60,60,100],"t":120},{"s":[0,0,100],"t":128}],"ix":6},"sk":{"a":0,"k":0},"p":{"a":1,"k":[{"o":{"x":0.333,"y":0},"i":{"x":0.667,"y":1},"s":[46.5,124.166,0],"t":72,"ti":[0,0,0],"to":[0,0,0]},{"o":{"x":0.333,"y":0},"i":{"x":0.667,"y":0.996},"s":[46.5,104.166,0],"t":76,"ti":[0,-0.08078219741583,0],"to":[0,0,0]},{"o":{"x":0.32,"y":1},"i":{"x":0.667,"y":1},"s":[46.5,124.292,0],"t":80,"ti":[0,0,0],"to":[0,0.77450913190842,0]},{"o":{"x":0.333,"y":0},"i":{"x":0.667,"y":1},"s":[46.5,124.166,0],"t":120,"ti":[-25.5833339691162,0.69437664747238,0],"to":[25.5833339691162,-0.69437664747238,0]},{"s":[200,120,0],"t":128}],"ix":2},"r":{"a":0,"k":0,"ix":10},"sa":{"a":0,"k":0},"o":{"a":0,"k":100,"ix":11}},"ef":[],"shapes":[{"ty":"gr","bm":0,"hd":false,"mn":"ADBE Vector Group","nm":"Group 1","ix":1,"cix":2,"np":2,"it":[{"ty":"sh","bm":0,"hd":false,"mn":"ADBE Vector Shape - Group","nm":"Path 1","ix":1,"d":1,"ks":{"a":0,"k":{"c":true,"i":[[0.767,-1.506],[0,-4.481],[0,0],[-0.872,-1.711],[-1.506,-0.767],[-3.678,-0.007],[0,0],[0,0],[-1.547,0.788],[-0.767,1.505],[0,4.48],[0,0],[0.872,1.711],[1.505,0.767],[4.481,0],[0,0],[1.711,-0.872]],"o":[[-0.872,1.711],[0,0],[0,4.48],[0.767,1.505],[1.548,0.788],[0,0],[0,0],[3.677,-0.007],[1.505,-0.767],[0.872,-1.711],[0,0],[0,-4.481],[-0.767,-1.506],[-1.711,-0.872],[0,0],[-4.481,0],[-1.506,0.767]],"v":[[-15.128,-15.466],[-16,-7.034],[-16,-0.634],[-15.128,7.798],[-11.632,11.294],[-4.427,12.165],[0,19.833],[4.427,12.165],[11.632,11.294],[15.128,7.798],[16,-0.634],[16,-7.034],[15.128,-15.466],[11.632,-18.962],[3.2,-19.833],[-3.2,-19.833],[-11.632,-18.962]]},"ix":2}},{"ty":"fl","bm":0,"hd":false,"mn":"ADBE Vector Graphic - Fill","nm":"Fill 1","c":{"a":0,"k":[0,0.3647,1],"ix":4},"r":1,"o":{"a":0,"k":100,"ix":5}},{"ty":"tr","a":{"a":0,"k":[0,0],"ix":1},"s":{"a":0,"k":[100,100],"ix":3},"sk":{"a":0,"k":0,"ix":4},"p":{"a":0,"k":[1275,603.834],"ix":2},"r":{"a":0,"k":0,"ix":6},"sa":{"a":0,"k":0,"ix":5},"o":{"a":0,"k":100,"ix":7}}]}],"ind":1},{"ty":4,"nm":"Import3 Outlines 8","sr":1,"st":0,"op":240,"ip":0,"hd":false,"ddd":0,"bm":0,"hasMask":false,"ao":0,"ks":{"a":{"a":0,"k":[1275.5,623,0],"ix":1},"s":{"a":1,"k":[{"o":{"x":0.333,"y":0},"i":{"x":0.667,"y":1},"s":[0,0,100],"t":74},{"o":{"x":0.167,"y":0},"i":{"x":0.833,"y":1},"s":[60,60,100],"t":83},{"o":{"x":0.167,"y":0},"i":{"x":0.833,"y":1},"s":[60,60,100],"t":120},{"s":[0,0,100],"t":128}],"ix":6},"sk":{"a":0,"k":0},"p":{"a":1,"k":[{"o":{"x":0.333,"y":0},"i":{"x":0.667,"y":1},"s":[88.5,64.166,0],"t":74,"ti":[0,0,0],"to":[0,0,0]},{"o":{"x":0.333,"y":0},"i":{"x":0.667,"y":0.981},"s":[88.5,44.166,0],"t":78,"ti":[0,-0.50122135877609,0],"to":[0,0,0]},{"o":{"x":0.278,"y":1},"i":{"x":0.722,"y":0},"s":[88.5,64.952,0],"t":82,"ti":[0,-0.50122135877609,0],"to":[0,3.70085382461548,0]},{"o":{"x":0.333,"y":0.006},"i":{"x":0.667,"y":1},"s":[88.5,64.952,0],"t":120,"ti":[-18.5833339691162,-9.17466163635254,0],"to":[0,3.70085382461548,0]},{"s":[200,120,0],"t":128}],"ix":2},"r":{"a":0,"k":0,"ix":10},"sa":{"a":0,"k":0},"o":{"a":0,"k":100,"ix":11}},"ef":[],"shapes":[{"ty":"gr","bm":0,"hd":false,"mn":"ADBE Vector Group","nm":"Group 1","ix":1,"cix":2,"np":2,"it":[{"ty":"sh","bm":0,"hd":false,"mn":"ADBE Vector Shape - Group","nm":"Path 1","ix":1,"d":1,"ks":{"a":0,"k":{"c":true,"i":[[0.767,-1.506],[0,-4.481],[0,0],[-0.872,-1.711],[-1.506,-0.767],[-3.678,-0.007],[0,0],[0,0],[-1.547,0.788],[-0.767,1.505],[0,4.48],[0,0],[0.872,1.711],[1.505,0.767],[4.481,0],[0,0],[1.711,-0.872]],"o":[[-0.872,1.711],[0,0],[0,4.48],[0.767,1.505],[1.548,0.788],[0,0],[0,0],[3.677,-0.007],[1.505,-0.767],[0.872,-1.711],[0,0],[0,-4.481],[-0.767,-1.506],[-1.711,-0.872],[0,0],[-4.481,0],[-1.506,0.767]],"v":[[-15.128,-15.466],[-16,-7.034],[-16,-0.634],[-15.128,7.798],[-11.632,11.294],[-4.427,12.165],[0,19.833],[4.427,12.165],[11.632,11.294],[15.128,7.798],[16,-0.634],[16,-7.034],[15.128,-15.466],[11.632,-18.962],[3.2,-19.833],[-3.2,-19.833],[-11.632,-18.962]]},"ix":2}},{"ty":"fl","bm":0,"hd":false,"mn":"ADBE Vector Graphic - Fill","nm":"Fill 1","c":{"a":0,"k":[0,0.3647,1],"ix":4},"r":1,"o":{"a":0,"k":100,"ix":5}},{"ty":"tr","a":{"a":0,"k":[0,0],"ix":1},"s":{"a":0,"k":[100,100],"ix":3},"sk":{"a":0,"k":0,"ix":4},"p":{"a":0,"k":[1275,603.834],"ix":2},"r":{"a":0,"k":0,"ix":6},"sa":{"a":0,"k":0,"ix":5},"o":{"a":0,"k":100,"ix":7}}]}],"ind":2},{"ty":4,"nm":"Import3 Outlines 3","sr":1,"st":0,"op":240,"ip":0,"hd":false,"ddd":0,"bm":0,"hasMask":false,"ao":0,"ks":{"a":{"a":0,"k":[1275.5,623,0],"ix":1},"s":{"a":1,"k":[{"o":{"x":0.333,"y":0},"i":{"x":0.667,"y":1},"s":[0,0,100],"t":76},{"o":{"x":0.167,"y":0},"i":{"x":0.833,"y":1},"s":[100,100,100],"t":85},{"o":{"x":0.167,"y":0},"i":{"x":0.833,"y":1},"s":[100,100,100],"t":120},{"s":[0,0,100],"t":128}],"ix":6},"sk":{"a":0,"k":0},"p":{"a":1,"k":[{"o":{"x":0.333,"y":0},"i":{"x":0.667,"y":1},"s":[145,170.166,0],"t":76,"ti":[0,0,0],"to":[0,0,0]},{"o":{"x":0.333,"y":0},"i":{"x":0.667,"y":0.974},"s":[145,150.166,0],"t":80,"ti":[0,-0.54901385307312,0],"to":[0,0,0]},{"o":{"x":0.285,"y":1},"i":{"x":0.715,"y":0},"s":[145,171.029,0],"t":85,"ti":[0,-0.54901385307312,0],"to":[0,3.83387422561646,0]},{"o":{"x":0.333,"y":0.012},"i":{"x":0.667,"y":1},"s":[145,171.029,0],"t":120,"ti":[-9.16666698455811,8.50484848022461,0],"to":[0,3.83387422561646,0]},{"s":[200,120,0],"t":128}],"ix":2},"r":{"a":0,"k":0,"ix":10},"sa":{"a":0,"k":0},"o":{"a":0,"k":100,"ix":11}},"ef":[],"shapes":[{"ty":"gr","bm":0,"hd":false,"mn":"ADBE Vector Group","nm":"Group 1","ix":1,"cix":2,"np":2,"it":[{"ty":"sh","bm":0,"hd":false,"mn":"ADBE Vector Shape - Group","nm":"Path 1","ix":1,"d":1,"ks":{"a":0,"k":{"c":true,"i":[[0.767,-1.506],[0,-4.481],[0,0],[-0.872,-1.711],[-1.506,-0.767],[-3.678,-0.007],[0,0],[0,0],[-1.547,0.788],[-0.767,1.505],[0,4.48],[0,0],[0.872,1.711],[1.505,0.767],[4.481,0],[0,0],[1.711,-0.872]],"o":[[-0.872,1.711],[0,0],[0,4.48],[0.767,1.505],[1.548,0.788],[0,0],[0,0],[3.677,-0.007],[1.505,-0.767],[0.872,-1.711],[0,0],[0,-4.481],[-0.767,-1.506],[-1.711,-0.872],[0,0],[-4.481,0],[-1.506,0.767]],"v":[[-15.128,-15.466],[-16,-7.034],[-16,-0.634],[-15.128,7.798],[-11.632,11.294],[-4.427,12.165],[0,19.833],[4.427,12.165],[11.632,11.294],[15.128,7.798],[16,-0.634],[16,-7.034],[15.128,-15.466],[11.632,-18.962],[3.2,-19.833],[-3.2,-19.833],[-11.632,-18.962]]},"ix":2}},{"ty":"fl","bm":0,"hd":false,"mn":"ADBE Vector Graphic - Fill","nm":"Fill 1","c":{"a":0,"k":[1,0,0.3686],"ix":4},"r":1,"o":{"a":0,"k":100,"ix":5}},{"ty":"tr","a":{"a":0,"k":[0,0],"ix":1},"s":{"a":0,"k":[100,100],"ix":3},"sk":{"a":0,"k":0,"ix":4},"p":{"a":0,"k":[1275,603.834],"ix":2},"r":{"a":0,"k":0,"ix":6},"sa":{"a":0,"k":0,"ix":5},"o":{"a":0,"k":100,"ix":7}}]}],"ind":3},{"ty":4,"nm":"Import3 Outlines","sr":1,"st":0,"op":240,"ip":0,"hd":false,"ddd":0,"bm":0,"hasMask":false,"ao":0,"ks":{"a":{"a":0,"k":[1275.5,623,0],"ix":1},"s":{"a":1,"k":[{"o":{"x":0.333,"y":0},"i":{"x":0.667,"y":1},"s":[0,0,100],"t":78},{"o":{"x":0.167,"y":0},"i":{"x":0.833,"y":1},"s":[100,100,100],"t":87},{"o":{"x":0.167,"y":0},"i":{"x":0.833,"y":1},"s":[100,100,100],"t":120},{"s":[0,0,100],"t":128}],"ix":6},"sk":{"a":0,"k":0},"p":{"a":1,"k":[{"o":{"x":0.333,"y":0},"i":{"x":0.667,"y":1},"s":[205,145.166,0],"t":78,"ti":[0,0,0],"to":[0,0,0]},{"o":{"x":0.333,"y":0},"i":{"x":0.667,"y":0.971},"s":[205,125.166,0],"t":82,"ti":[0,-0.60378557443619,0],"to":[0,0,0]},{"o":{"x":0.285,"y":1},"i":{"x":0.715,"y":0},"s":[205,146.118,0],"t":87,"ti":[0,-0.60378557443619,0],"to":[0,3.97516512870789,0]},{"o":{"x":0.333,"y":0.035},"i":{"x":0.667,"y":1},"s":[205,146.118,0],"t":120,"ti":[0.83333331346512,4.35296535491943,0],"to":[0,3.97516512870789,0]},{"s":[200,120,0],"t":128}],"ix":2},"r":{"a":0,"k":0,"ix":10},"sa":{"a":0,"k":0},"o":{"a":0,"k":100,"ix":11}},"ef":[],"shapes":[{"ty":"gr","bm":0,"hd":false,"mn":"ADBE Vector Group","nm":"Group 1","ix":1,"cix":2,"np":2,"it":[{"ty":"sh","bm":0,"hd":false,"mn":"ADBE Vector Shape - Group","nm":"Path 1","ix":1,"d":1,"ks":{"a":0,"k":{"c":true,"i":[[0.767,-1.506],[0,-4.481],[0,0],[-0.872,-1.711],[-1.506,-0.767],[-3.678,-0.007],[0,0],[0,0],[-1.547,0.788],[-0.767,1.505],[0,4.48],[0,0],[0.872,1.711],[1.505,0.767],[4.481,0],[0,0],[1.711,-0.872]],"o":[[-0.872,1.711],[0,0],[0,4.48],[0.767,1.505],[1.548,0.788],[0,0],[0,0],[3.677,-0.007],[1.505,-0.767],[0.872,-1.711],[0,0],[0,-4.481],[-0.767,-1.506],[-1.711,-0.872],[0,0],[-4.481,0],[-1.506,0.767]],"v":[[-15.128,-15.466],[-16,-7.034],[-16,-0.634],[-15.128,7.798],[-11.632,11.294],[-4.427,12.165],[0,19.833],[4.427,12.165],[11.632,11.294],[15.128,7.798],[16,-0.634],[16,-7.034],[15.128,-15.466],[11.632,-18.962],[3.2,-19.833],[-3.2,-19.833],[-11.632,-18.962]]},"ix":2}},{"ty":"fl","bm":0,"hd":false,"mn":"ADBE Vector Graphic - Fill","nm":"Fill 1","c":{"a":0,"k":[1,0,0.3686],"ix":4},"r":1,"o":{"a":0,"k":100,"ix":5}},{"ty":"tr","a":{"a":0,"k":[0,0],"ix":1},"s":{"a":0,"k":[100,100],"ix":3},"sk":{"a":0,"k":0,"ix":4},"p":{"a":0,"k":[1275,603.834],"ix":2},"r":{"a":0,"k":0,"ix":6},"sa":{"a":0,"k":0,"ix":5},"o":{"a":0,"k":100,"ix":7}}]}],"ind":4},{"ty":4,"nm":"Import3 Outlines 2","sr":1,"st":0,"op":240,"ip":0,"hd":false,"ddd":0,"bm":0,"hasMask":false,"ao":0,"ks":{"a":{"a":0,"k":[1275.5,623,0],"ix":1},"s":{"a":1,"k":[{"o":{"x":0.333,"y":0},"i":{"x":0.667,"y":1},"s":[0,0,100],"t":80},{"o":{"x":0.167,"y":0},"i":{"x":0.833,"y":1},"s":[100,100,100],"t":89},{"o":{"x":0.167,"y":0},"i":{"x":0.833,"y":1},"s":[100,100,100],"t":120},{"s":[0,0,100],"t":128}],"ix":6},"sk":{"a":0,"k":0},"p":{"a":1,"k":[{"o":{"x":0.333,"y":0},"i":{"x":0.667,"y":1},"s":[234.5,195.166,0],"t":80,"ti":[0,0,0],"to":[0,0,0]},{"o":{"x":0.333,"y":0},"i":{"x":0.667,"y":0.968},"s":[234.5,175.166,0],"t":84,"ti":[0,-0.66695803403854,0],"to":[0,0,0]},{"o":{"x":0.285,"y":1},"i":{"x":0.715,"y":0},"s":[234.5,196.221,0],"t":89,"ti":[0,-0.66695803403854,0],"to":[0,4.12526082992554,0]},{"o":{"x":0.333,"y":0.013},"i":{"x":0.667,"y":1},"s":[234.5,196.221,0],"t":120,"ti":[5.75,12.7034358978271,0],"to":[0,4.12526082992554,0]},{"s":[200,120,0],"t":128}],"ix":2},"r":{"a":0,"k":0,"ix":10},"sa":{"a":0,"k":0},"o":{"a":0,"k":100,"ix":11}},"ef":[],"shapes":[{"ty":"gr","bm":0,"hd":false,"mn":"ADBE Vector Group","nm":"Group 1","ix":1,"cix":2,"np":2,"it":[{"ty":"sh","bm":0,"hd":false,"mn":"ADBE Vector Shape - Group","nm":"Path 1","ix":1,"d":1,"ks":{"a":0,"k":{"c":true,"i":[[0.767,-1.506],[0,-4.481],[0,0],[-0.872,-1.711],[-1.506,-0.767],[-3.678,-0.007],[0,0],[0,0],[-1.547,0.788],[-0.767,1.505],[0,4.48],[0,0],[0.872,1.711],[1.505,0.767],[4.481,0],[0,0],[1.711,-0.872]],"o":[[-0.872,1.711],[0,0],[0,4.48],[0.767,1.505],[1.548,0.788],[0,0],[0,0],[3.677,-0.007],[1.505,-0.767],[0.872,-1.711],[0,0],[0,-4.481],[-0.767,-1.506],[-1.711,-0.872],[0,0],[-4.481,0],[-1.506,0.767]],"v":[[-15.128,-15.466],[-16,-7.034],[-16,-0.634],[-15.128,7.798],[-11.632,11.294],[-4.427,12.165],[0,19.833],[4.427,12.165],[11.632,11.294],[15.128,7.798],[16,-0.634],[16,-7.034],[15.128,-15.466],[11.632,-18.962],[3.2,-19.833],[-3.2,-19.833],[-11.632,-18.962]]},"ix":2}},{"ty":"fl","bm":0,"hd":false,"mn":"ADBE Vector Graphic - Fill","nm":"Fill 1","c":{"a":0,"k":[1,0,0.3686],"ix":4},"r":1,"o":{"a":0,"k":100,"ix":5}},{"ty":"tr","a":{"a":0,"k":[0,0],"ix":1},"s":{"a":0,"k":[100,100],"ix":3},"sk":{"a":0,"k":0,"ix":4},"p":{"a":0,"k":[1275,603.834],"ix":2},"r":{"a":0,"k":0,"ix":6},"sa":{"a":0,"k":0,"ix":5},"o":{"a":0,"k":100,"ix":7}}]}],"ind":5},{"ty":4,"nm":"Import3 Outlines 5","sr":1,"st":0,"op":240,"ip":0,"hd":false,"ddd":0,"bm":0,"hasMask":false,"ao":0,"ks":{"a":{"a":0,"k":[1275.5,623,0],"ix":1},"s":{"a":1,"k":[{"o":{"x":0.333,"y":0},"i":{"x":0.667,"y":1},"s":[0,0,100],"t":82},{"o":{"x":0.167,"y":0},"i":{"x":0.833,"y":1},"s":[60,60,100],"t":91},{"o":{"x":0.167,"y":0},"i":{"x":0.833,"y":1},"s":[60,60,100],"t":120},{"s":[0,0,100],"t":128}],"ix":6},"sk":{"a":0,"k":0},"p":{"a":1,"k":[{"o":{"x":0.333,"y":0},"i":{"x":0.667,"y":1},"s":[275,88.166,0],"t":82,"ti":[0,0,0],"to":[0,0,0]},{"o":{"x":0.333,"y":0},"i":{"x":0.667,"y":0.965},"s":[275,68.166,0],"t":86,"ti":[0,-0.74033689498901,0],"to":[0,0,0]},{"o":{"x":0.284,"y":1},"i":{"x":0.716,"y":0},"s":[275,89.341,0],"t":91,"ti":[0,-0.74033689498901,0],"to":[0,4.28464984893799,0]},{"o":{"x":0.333,"y":0.015},"i":{"x":0.667,"y":1},"s":[275,89.341,0],"t":120,"ti":[12.5,-5.10987901687622,0],"to":[0,4.28464984893799,0]},{"s":[200,120,0],"t":128}],"ix":2},"r":{"a":0,"k":0,"ix":10},"sa":{"a":0,"k":0},"o":{"a":0,"k":100,"ix":11}},"ef":[],"shapes":[{"ty":"gr","bm":0,"hd":false,"mn":"ADBE Vector Group","nm":"Group 1","ix":1,"cix":2,"np":2,"it":[{"ty":"sh","bm":0,"hd":false,"mn":"ADBE Vector Shape - Group","nm":"Path 1","ix":1,"d":1,"ks":{"a":0,"k":{"c":true,"i":[[0.767,-1.506],[0,-4.481],[0,0],[-0.872,-1.711],[-1.506,-0.767],[-3.678,-0.007],[0,0],[0,0],[-1.547,0.788],[-0.767,1.505],[0,4.48],[0,0],[0.872,1.711],[1.505,0.767],[4.481,0],[0,0],[1.711,-0.872]],"o":[[-0.872,1.711],[0,0],[0,4.48],[0.767,1.505],[1.548,0.788],[0,0],[0,0],[3.677,-0.007],[1.505,-0.767],[0.872,-1.711],[0,0],[0,-4.481],[-0.767,-1.506],[-1.711,-0.872],[0,0],[-4.481,0],[-1.506,0.767]],"v":[[-15.128,-15.466],[-16,-7.034],[-16,-0.634],[-15.128,7.798],[-11.632,11.294],[-4.427,12.165],[0,19.833],[4.427,12.165],[11.632,11.294],[15.128,7.798],[16,-0.634],[16,-7.034],[15.128,-15.466],[11.632,-18.962],[3.2,-19.833],[-3.2,-19.833],[-11.632,-18.962]]},"ix":2}},{"ty":"fl","bm":0,"hd":false,"mn":"ADBE Vector Graphic - Fill","nm":"Fill 1","c":{"a":0,"k":[0,0.6471,0.3765],"ix":4},"r":1,"o":{"a":0,"k":100,"ix":5}},{"ty":"tr","a":{"a":0,"k":[0,0],"ix":1},"s":{"a":0,"k":[100,100],"ix":3},"sk":{"a":0,"k":0,"ix":4},"p":{"a":0,"k":[1275,603.834],"ix":2},"r":{"a":0,"k":0,"ix":6},"sa":{"a":0,"k":0,"ix":5},"o":{"a":0,"k":100,"ix":7}}]}],"ind":6},{"ty":4,"nm":"Import3 Outlines 6","sr":1,"st":0,"op":240,"ip":0,"hd":false,"ddd":0,"bm":0,"hasMask":false,"ao":0,"ks":{"a":{"a":0,"k":[1275.5,623,0],"ix":1},"s":{"a":1,"k":[{"o":{"x":0.333,"y":0},"i":{"x":0.667,"y":1},"s":[0,0,100],"t":84},{"o":{"x":0.167,"y":0},"i":{"x":0.833,"y":1},"s":[60,60,100],"t":93},{"o":{"x":0.167,"y":0},"i":{"x":0.833,"y":1},"s":[60,60,100],"t":120},{"s":[0,0,100],"t":128}],"ix":6},"sk":{"a":0,"k":0},"p":{"a":1,"k":[{"o":{"x":0.333,"y":0},"i":{"x":0.667,"y":1},"s":[319,66.166,0],"t":84,"ti":[0,0,0],"to":[0,0,0]},{"o":{"x":0.333,"y":0},"i":{"x":0.667,"y":0.961},"s":[319,46.166,0],"t":88,"ti":[0,-0.82624685764313,0],"to":[0,0,0]},{"o":{"x":0.284,"y":1},"i":{"x":0.716,"y":0},"s":[319,67.482,0],"t":93,"ti":[0,-0.82624685764313,0],"to":[0,4.45371437072754,0]},{"o":{"x":0.333,"y":0.01},"i":{"x":0.667,"y":1},"s":[319,67.482,0],"t":120,"ti":[19.8333339691162,-8.75295448303223,0],"to":[0,4.45371437072754,0]},{"s":[200,120,0],"t":128}],"ix":2},"r":{"a":0,"k":0,"ix":10},"sa":{"a":0,"k":0},"o":{"a":0,"k":100,"ix":11}},"ef":[],"shapes":[{"ty":"gr","bm":0,"hd":false,"mn":"ADBE Vector Group","nm":"Group 1","ix":1,"cix":2,"np":2,"it":[{"ty":"sh","bm":0,"hd":false,"mn":"ADBE Vector Shape - Group","nm":"Path 1","ix":1,"d":1,"ks":{"a":0,"k":{"c":true,"i":[[0.767,-1.506],[0,-4.481],[0,0],[-0.872,-1.711],[-1.506,-0.767],[-3.678,-0.007],[0,0],[0,0],[-1.547,0.788],[-0.767,1.505],[0,4.48],[0,0],[0.872,1.711],[1.505,0.767],[4.481,0],[0,0],[1.711,-0.872]],"o":[[-0.872,1.711],[0,0],[0,4.48],[0.767,1.505],[1.548,0.788],[0,0],[0,0],[3.677,-0.007],[1.505,-0.767],[0.872,-1.711],[0,0],[0,-4.481],[-0.767,-1.506],[-1.711,-0.872],[0,0],[-4.481,0],[-1.506,0.767]],"v":[[-15.128,-15.466],[-16,-7.034],[-16,-0.634],[-15.128,7.798],[-11.632,11.294],[-4.427,12.165],[0,19.833],[4.427,12.165],[11.632,11.294],[15.128,7.798],[16,-0.634],[16,-7.034],[15.128,-15.466],[11.632,-18.962],[3.2,-19.833],[-3.2,-19.833],[-11.632,-18.962]]},"ix":2}},{"ty":"fl","bm":0,"hd":false,"mn":"ADBE Vector Graphic - Fill","nm":"Fill 1","c":{"a":0,"k":[0,0.6471,0.3765],"ix":4},"r":1,"o":{"a":0,"k":100,"ix":5}},{"ty":"tr","a":{"a":0,"k":[0,0],"ix":1},"s":{"a":0,"k":[100,100],"ix":3},"sk":{"a":0,"k":0,"ix":4},"p":{"a":0,"k":[1275,603.834],"ix":2},"r":{"a":0,"k":0,"ix":6},"sa":{"a":0,"k":0,"ix":5},"o":{"a":0,"k":100,"ix":7}}]}],"ind":7},{"ty":4,"nm":"Import3 Outlines 4","sr":1,"st":0,"op":240,"ip":0,"hd":false,"ddd":0,"bm":0,"hasMask":false,"ao":0,"ks":{"a":{"a":0,"k":[1275.5,623,0],"ix":1},"s":{"a":1,"k":[{"o":{"x":0.333,"y":0},"i":{"x":0.667,"y":1},"s":[0,0,100],"t":86},{"o":{"x":0.167,"y":0},"i":{"x":0.833,"y":1},"s":[60,60,100],"t":95},{"o":{"x":0.167,"y":0},"i":{"x":0.833,"y":1},"s":[60,60,100],"t":120},{"s":[0,0,100],"t":128}],"ix":6},"sk":{"a":0,"k":0},"p":{"a":1,"k":[{"o":{"x":0.333,"y":0},"i":{"x":0.667,"y":1},"s":[351,130.166,0],"t":86,"ti":[0,0,0],"to":[0,0,0]},{"o":{"x":0.333,"y":0},"i":{"x":0.667,"y":0.957},"s":[351,110.166,0],"t":90,"ti":[0,-0.93015015125275,0],"to":[0,0,0]},{"o":{"x":0.285,"y":1},"i":{"x":0.715,"y":0},"s":[351,131.655,0],"t":95,"ti":[0,-0.93015015125275,0],"to":[0,4.63665342330933,0]},{"o":{"x":0.333,"y":0.01},"i":{"x":0.667,"y":1},"s":[351,131.655,0],"t":120,"ti":[25.1666660308838,1.9424637556076,0],"to":[0,4.63665342330933,0]},{"s":[200,120,0],"t":128}],"ix":2},"r":{"a":0,"k":0,"ix":10},"sa":{"a":0,"k":0},"o":{"a":0,"k":100,"ix":11}},"ef":[],"shapes":[{"ty":"gr","bm":0,"hd":false,"mn":"ADBE Vector Group","nm":"Group 1","ix":1,"cix":2,"np":2,"it":[{"ty":"sh","bm":0,"hd":false,"mn":"ADBE Vector Shape - Group","nm":"Path 1","ix":1,"d":1,"ks":{"a":0,"k":{"c":true,"i":[[0.767,-1.506],[0,-4.481],[0,0],[-0.872,-1.711],[-1.506,-0.767],[-3.678,-0.007],[0,0],[0,0],[-1.547,0.788],[-0.767,1.505],[0,4.48],[0,0],[0.872,1.711],[1.505,0.767],[4.481,0],[0,0],[1.711,-0.872]],"o":[[-0.872,1.711],[0,0],[0,4.48],[0.767,1.505],[1.548,0.788],[0,0],[0,0],[3.677,-0.007],[1.505,-0.767],[0.872,-1.711],[0,0],[0,-4.481],[-0.767,-1.506],[-1.711,-0.872],[0,0],[-4.481,0],[-1.506,0.767]],"v":[[-15.128,-15.466],[-16,-7.034],[-16,-0.634],[-15.128,7.798],[-11.632,11.294],[-4.427,12.165],[0,19.833],[4.427,12.165],[11.632,11.294],[15.128,7.798],[16,-0.634],[16,-7.034],[15.128,-15.466],[11.632,-18.962],[3.2,-19.833],[-3.2,-19.833],[-11.632,-18.962]]},"ix":2}},{"ty":"fl","bm":0,"hd":false,"mn":"ADBE Vector Graphic - Fill","nm":"Fill 1","c":{"a":0,"k":[0,0.6471,0.3765],"ix":4},"r":1,"o":{"a":0,"k":100,"ix":5}},{"ty":"tr","a":{"a":0,"k":[0,0],"ix":1},"s":{"a":0,"k":[100,100],"ix":3},"sk":{"a":0,"k":0,"ix":4},"p":{"a":0,"k":[1275,603.834],"ix":2},"r":{"a":0,"k":0,"ix":6},"sa":{"a":0,"k":0,"ix":5},"o":{"a":0,"k":100,"ix":7}}]}],"ind":8},{"ty":3,"nm":"PARIS","sr":1,"st":0,"op":240,"ip":0,"hd":false,"ddd":0,"bm":0,"hasMask":false,"ao":0,"ks":{"a":{"a":0,"k":[48,49.5,0],"ix":1},"s":{"a":1,"k":[{"o":{"x":0.333,"y":0},"i":{"x":0.667,"y":1},"s":[100,100,100],"t":48},{"o":{"x":0.333,"y":0},"i":{"x":0.833,"y":1},"s":[0,0,100],"t":60},{"o":{"x":0.167,"y":0},"i":{"x":0.667,"y":1},"s":[0,0,100],"t":96},{"o":{"x":0.333,"y":0},"i":{"x":0.833,"y":1},"s":[0,0,100],"t":144},{"o":{"x":0.167,"y":0},"i":{"x":0.833,"y":1},"s":[40,32,100],"t":156},{"s":[40,32,100],"t":177}],"ix":6},"sk":{"a":0,"k":0},"p":{"a":1,"k":[{"o":{"x":0.333,"y":0},"i":{"x":0.667,"y":1},"s":[201.445,144,0],"t":0,"ti":[0.57417219877243,6.87123823165894,0],"to":[-0.57417219877243,-6.87123823165894,0]},{"o":{"x":0.167,"y":0.167},"i":{"x":0.833,"y":0.833},"s":[198,102.773,0],"t":13,"ti":[0,0,0],"to":[0,0,0]},{"o":{"x":0.167,"y":0},"i":{"x":0.667,"y":1},"s":[198,102.773,0],"t":48,"ti":[-0.41666665673256,-14.954571723938,0],"to":[0.41666665673256,14.954571723938,0]},{"o":{"x":0.167,"y":0.167},"i":{"x":0.833,"y":0.833},"s":[200.5,192.5,0],"t":60,"ti":[0,0,0],"to":[0,0,0]},{"o":{"x":0.167,"y":0.167},"i":{"x":0.833,"y":0.833},"s":[200.5,192.5,0],"t":96,"ti":[0,0,0],"to":[0,0,0]},{"o":{"x":0.333,"y":0},"i":{"x":0.667,"y":1},"s":[200.5,192.5,0],"t":144,"ti":[-19.3333339691162,13.75,0],"to":[19.3333339691162,-13.75,0]},{"o":{"x":0.167,"y":0.167},"i":{"x":0.833,"y":0.833},"s":[316.5,110,0],"t":156,"ti":[0,0,0],"to":[0,0,0]},{"o":{"x":0.167,"y":0},"i":{"x":0.667,"y":1},"s":[316.5,110,0],"t":177,"ti":[8.41666698455811,9.5,0],"to":[-8.41666698455811,-9.5,0]},{"s":[266,53,0],"t":189}],"ix":2},"r":{"a":1,"k":[{"o":{"x":0.333,"y":0},"i":{"x":0.667,"y":1},"s":[0],"t":0},{"o":{"x":0.167,"y":0},"i":{"x":0.667,"y":1},"s":[0],"t":13},{"o":{"x":0.333,"y":0},"i":{"x":0.833,"y":1},"s":[0],"t":48},{"o":{"x":0.167,"y":0},"i":{"x":0.833,"y":1},"s":[0],"t":60},{"o":{"x":0.167,"y":0},"i":{"x":0.667,"y":1},"s":[0],"t":96},{"o":{"x":0.333,"y":0},"i":{"x":0.833,"y":1},"s":[20],"t":144},{"o":{"x":0.167,"y":0},"i":{"x":0.833,"y":1},"s":[0],"t":156},{"s":[0],"t":177}],"ix":10},"sa":{"a":0,"k":0},"o":{"a":0,"k":0,"ix":11}},"ef":[],"ind":9},{"ty":3,"nm":"LONDON","sr":1,"st":0,"op":240,"ip":0,"hd":false,"ddd":0,"bm":0,"hasMask":false,"ao":0,"ks":{"a":{"a":0,"k":[48,49.5,0],"ix":1},"s":{"a":1,"k":[{"o":{"x":0.333,"y":0},"i":{"x":0.667,"y":1},"s":[100,100,100],"t":48},{"o":{"x":0.333,"y":0},"i":{"x":0.833,"y":1},"s":[0,0,100],"t":60},{"o":{"x":0.167,"y":0},"i":{"x":0.667,"y":1},"s":[0,0,100],"t":96},{"o":{"x":0.333,"y":0},"i":{"x":0.833,"y":1},"s":[0,0,100],"t":142},{"o":{"x":0.167,"y":0},"i":{"x":0.833,"y":1},"s":[40,32,100],"t":154},{"s":[40,32,100],"t":174}],"ix":6},"sk":{"a":0,"k":0},"p":{"a":1,"k":[{"o":{"x":0.333,"y":0},"i":{"x":0.667,"y":1},"s":[197.895,144,0],"t":0,"ti":[17.3157730102539,2.66887259483337,0],"to":[-17.3157730102539,-2.66887259483337,0]},{"o":{"x":0.167,"y":0.167},"i":{"x":0.833,"y":0.833},"s":[94,127.987,0],"t":13,"ti":[0,0,0],"to":[0,0,0]},{"o":{"x":0.333,"y":0},"i":{"x":0.667,"y":1},"s":[94,127.987,0],"t":48,"ti":[-17.5833339691162,-10.5855388641357,0],"to":[17.5833339691162,10.5855388641357,0]},{"o":{"x":0.167,"y":0.167},"i":{"x":0.833,"y":0.833},"s":[199.5,191.5,0],"t":60,"ti":[0,0,0],"to":[0,0,0]},{"o":{"x":0.167,"y":0.167},"i":{"x":0.833,"y":0.833},"s":[199.5,191.5,0],"t":96,"ti":[0,0,0],"to":[0,0,0]},{"o":{"x":0.333,"y":0},"i":{"x":0.667,"y":1},"s":[199.5,191.5,0],"t":142,"ti":[3.25,4.16666650772095,0],"to":[-3.25,-4.16666650772095,0]},{"o":{"x":0.167,"y":0.167},"i":{"x":0.833,"y":0.833},"s":[180,166.5,0],"t":154,"ti":[0,0,0],"to":[0,0,0]},{"o":{"x":0.167,"y":0},"i":{"x":0.667,"y":1},"s":[180,166.5,0],"t":174,"ti":[-13.9166669845581,0,0],"to":[13.9166669845581,0,0]},{"s":[263.5,166.5,0],"t":186}],"ix":2},"r":{"a":1,"k":[{"o":{"x":0.333,"y":0},"i":{"x":0.667,"y":1},"s":[0],"t":0},{"o":{"x":0.167,"y":0},"i":{"x":0.667,"y":1},"s":[-20],"t":13},{"o":{"x":0.333,"y":0},"i":{"x":0.833,"y":1},"s":[-20],"t":48},{"o":{"x":0.167,"y":0},"i":{"x":0.833,"y":1},"s":[0],"t":60},{"o":{"x":0.167,"y":0},"i":{"x":0.667,"y":1},"s":[0],"t":96},{"o":{"x":0.333,"y":0},"i":{"x":0.833,"y":1},"s":[-20],"t":142},{"o":{"x":0.167,"y":0},"i":{"x":0.833,"y":1},"s":[0],"t":154},{"s":[0],"t":174}],"ix":10},"sa":{"a":0,"k":0},"o":{"a":0,"k":0,"ix":11}},"ef":[],"ind":10},{"ty":3,"nm":"CHINA","sr":1,"st":0,"op":240,"ip":0,"hd":false,"ddd":0,"bm":0,"hasMask":false,"ao":0,"ks":{"a":{"a":0,"k":[48,49.5,0],"ix":1},"s":{"a":1,"k":[{"o":{"x":0.333,"y":0},"i":{"x":0.667,"y":1},"s":[100,100,100],"t":48},{"o":{"x":0.333,"y":0},"i":{"x":0.833,"y":1},"s":[0,0,100],"t":60},{"o":{"x":0.167,"y":0},"i":{"x":0.667,"y":1},"s":[0,0,100],"t":96},{"o":{"x":0.333,"y":0},"i":{"x":0.833,"y":1},"s":[0,0,100],"t":140},{"o":{"x":0.167,"y":0},"i":{"x":0.833,"y":1},"s":[40,32,100],"t":152},{"s":[40,32,100],"t":168}],"ix":6},"sk":{"a":0,"k":0},"p":{"a":1,"k":[{"o":{"x":0.333,"y":0},"i":{"x":0.667,"y":1},"s":[199.66,141,0],"t":0,"ti":[-17.8066120147705,3.20988917350769,0],"to":[17.8066120147705,-3.20988917350769,0]},{"o":{"x":0.167,"y":0.167},"i":{"x":0.833,"y":0.833},"s":[306.5,121.741,0],"t":13,"ti":[0,0,0],"to":[0,0,0]},{"o":{"x":0.333,"y":0},"i":{"x":0.667,"y":1},"s":[306.5,121.741,0],"t":48,"ti":[17.8333339691162,-11.6265554428101,0],"to":[-17.8333339691162,11.6265554428101,0]},{"o":{"x":0.167,"y":0.167},"i":{"x":0.833,"y":0.833},"s":[199.5,191.5,0],"t":60,"ti":[0,0,0],"to":[0,0,0]},{"o":{"x":0.167,"y":0.167},"i":{"x":0.833,"y":0.833},"s":[199.5,191.5,0],"t":96,"ti":[0,0,0],"to":[0,0,0]},{"o":{"x":0.333,"y":0},"i":{"x":0.667,"y":1},"s":[199.5,191.5,0],"t":140,"ti":[20.1666660308838,21.4166660308838,0],"to":[-20.1666660308838,-21.4166660308838,0]},{"o":{"x":0.167,"y":0.167},"i":{"x":0.833,"y":0.833},"s":[78.5,63,0],"t":152,"ti":[0,0,0],"to":[0,0,0]},{"o":{"x":0.167,"y":0},"i":{"x":0.667,"y":1},"s":[78.5,63,0],"t":168,"ti":[0,-16.0833339691162,0],"to":[0,16.0833339691162,0]},{"s":[78.5,159.5,0],"t":180}],"ix":2},"r":{"a":1,"k":[{"o":{"x":0.333,"y":0},"i":{"x":0.667,"y":1},"s":[0],"t":0},{"o":{"x":0.167,"y":0},"i":{"x":0.667,"y":1},"s":[16],"t":13},{"o":{"x":0.333,"y":0},"i":{"x":0.833,"y":1},"s":[16],"t":48},{"o":{"x":0.167,"y":0},"i":{"x":0.833,"y":1},"s":[0],"t":60},{"o":{"x":0.167,"y":0},"i":{"x":0.667,"y":1},"s":[0],"t":96},{"o":{"x":0.333,"y":0},"i":{"x":0.833,"y":1},"s":[20],"t":140},{"o":{"x":0.167,"y":0},"i":{"x":0.833,"y":1},"s":[0],"t":152},{"s":[0],"t":168}],"ix":10},"sa":{"a":0,"k":0},"o":{"a":0,"k":0,"ix":11}},"ef":[],"ind":11},{"ty":4,"nm":"Import Outlines 6","sr":1,"st":0,"op":240,"ip":0,"hd":false,"ddd":0,"bm":0,"hasMask":false,"ao":0,"ks":{"a":{"a":0,"k":[1279.5,584.5,0],"ix":1},"s":{"a":1,"k":[{"o":{"x":0.333,"y":0},"i":{"x":0.667,"y":1},"s":[100,100,100],"t":48},{"o":{"x":0.333,"y":0},"i":{"x":0.833,"y":1},"s":[0,0,100],"t":60},{"o":{"x":0.167,"y":0},"i":{"x":0.667,"y":1},"s":[0,0,100],"t":96},{"s":[0,0,100],"t":120}],"ix":6},"sk":{"a":0,"k":0},"p":{"a":0,"k":[-10.625,98,0],"ix":2},"r":{"a":0,"k":0,"ix":10},"sa":{"a":0,"k":0},"o":{"a":0,"k":100,"ix":11}},"ef":[],"shapes":[{"ty":"gr","bm":0,"hd":false,"mn":"ADBE Vector Group","nm":"Group 1","ix":1,"cix":2,"np":2,"it":[{"ty":"sh","bm":0,"hd":false,"mn":"ADBE Vector Shape - Group","nm":"Path 1","ix":1,"d":1,"ks":{"a":0,"k":{"c":true,"i":[[1.854,0],[0,0],[0,-1.104],[0,0],[-1.855,0],[0,0],[0,1.104],[0,0]],"o":[[0,0],[-1.855,0],[0,0],[0,1.104],[0,0],[1.854,0],[0,0],[0,-1.104]],"v":[[41.142,-4],[-41.141,-4],[-44.5,-2],[-44.5,2],[-41.141,4],[41.142,4],[44.5,2],[44.5,-2]]},"ix":2}},{"ty":"fl","bm":0,"hd":false,"mn":"ADBE Vector Graphic - Fill","nm":"Fill 1","c":{"a":0,"k":[0.851,0.851,0.851],"ix":4},"r":1,"o":{"a":0,"k":100,"ix":5}},{"ty":"tr","a":{"a":0,"k":[0,0],"ix":1},"s":{"a":0,"k":[100,100],"ix":3},"sk":{"a":0,"k":0,"ix":4},"p":{"a":0,"k":[1323.5,592],"ix":2},"r":{"a":0,"k":0,"ix":6},"sa":{"a":0,"k":0,"ix":5},"o":{"a":0,"k":100,"ix":7}}]},{"ty":"gr","bm":0,"hd":false,"mn":"ADBE Vector Group","nm":"Group 2","ix":2,"cix":2,"np":2,"it":[{"ty":"sh","bm":0,"hd":false,"mn":"ADBE Vector Shape - Group","nm":"Path 1","ix":1,"d":1,"ks":{"a":0,"k":{"c":true,"i":[[0.604,0],[0,0],[0,-1.104],[0,0],[-0.604,0],[0,0],[0,1.104],[0,0]],"o":[[0,0],[-0.604,0],[0,0],[0,1.104],[0,0],[0.604,0],[0,0],[0,-1.104]],"v":[[27.905,-4],[-27.906,-4],[-29,-2],[-29,2],[-27.906,4],[27.905,4],[29,2],[29,-2]]},"ix":2}},{"ty":"fl","bm":0,"hd":false,"mn":"ADBE Vector Graphic - Fill","nm":"Fill 1","c":{"a":0,"k":[0.851,0.851,0.851],"ix":4},"r":1,"o":{"a":0,"k":100,"ix":5}},{"ty":"tr","a":{"a":0,"k":[0,0],"ix":1},"s":{"a":0,"k":[100,100],"ix":3},"sk":{"a":0,"k":0,"ix":4},"p":{"a":0,"k":[1308,576],"ix":2},"r":{"a":0,"k":0,"ix":6},"sa":{"a":0,"k":0,"ix":5},"o":{"a":0,"k":100,"ix":7}}]}],"ind":12,"parent":9},{"ty":4,"nm":"Layer 3 Outlines","sr":1,"st":0,"op":240,"ip":0,"hd":false,"ddd":0,"bm":0,"hasMask":false,"ao":0,"ks":{"a":{"a":0,"k":[70.25,28.25,0],"ix":1},"s":{"a":0,"k":[100,100,100],"ix":6},"sk":{"a":0,"k":0},"p":{"a":0,"k":[47.875,99.875,0],"ix":2},"r":{"a":0,"k":0,"ix":10},"sa":{"a":0,"k":0},"o":{"a":0,"k":100,"ix":11}},"ef":[],"shapes":[{"ty":"gr","bm":0,"hd":false,"mn":"ADBE Vector Group","nm":"Group 1","ix":1,"cix":2,"np":2,"it":[{"ty":"sh","bm":0,"hd":false,"mn":"ADBE Vector Shape - Group","nm":"Path 1","ix":1,"d":1,"ks":{"a":0,"k":{"c":true,"i":[[0,0],[0,0],[0,0],[4.418,0],[0,0],[0,4.418]],"o":[[0,0],[0,0],[0,4.418],[0,0],[-4.418,0],[0,0]],"v":[[-70,-28],[70,-28],[70,20],[62,28],[-62,28],[-70,20]]},"ix":2}},{"ty":"fl","bm":0,"hd":false,"mn":"ADBE Vector Graphic - Fill","nm":"Fill 1","c":{"a":0,"k":[0.9686,0.9686,0.9686],"ix":4},"r":1,"o":{"a":0,"k":100,"ix":5}},{"ty":"tr","a":{"a":0,"k":[0,0],"ix":1},"s":{"a":0,"k":[100,100],"ix":3},"sk":{"a":0,"k":0,"ix":4},"p":{"a":0,"k":[70.25,28.25],"ix":2},"r":{"a":0,"k":0,"ix":6},"sa":{"a":0,"k":0,"ix":5},"o":{"a":0,"k":100,"ix":7}}]}],"ind":13,"parent":9},{"ty":4,"nm":"Import Outlines 2","sr":1,"st":0,"op":240,"ip":0,"hd":false,"ddd":0,"bm":0,"hasMask":false,"ao":0,"ks":{"a":{"a":0,"k":[1337,594.5,0],"ix":1},"s":{"a":1,"k":[{"o":{"x":0.333,"y":0},"i":{"x":0.667,"y":1},"s":[62.5,62.5,100],"t":0},{"o":{"x":0.167,"y":0},"i":{"x":0.667,"y":1},"s":[100,100,100],"t":14},{"o":{"x":0.333,"y":0},"i":{"x":0.667,"y":1},"s":[100,100,100],"t":48},{"o":{"x":0.333,"y":0},"i":{"x":0.833,"y":1},"s":[1,1,100],"t":60},{"o":{"x":0.167,"y":0},"i":{"x":0.667,"y":1},"s":[1,1,100],"t":96},{"s":[1,1,100],"t":120}],"ix":6},"sk":{"a":0,"k":0},"p":{"a":0,"k":[47.922,74.253,0],"ix":2},"r":{"a":0,"k":0,"ix":10},"sa":{"a":0,"k":0},"o":{"a":0,"k":100,"ix":11}},"ef":[],"shapes":[{"ty":"gr","bm":0,"hd":false,"mn":"ADBE Vector Group","nm":"Group 1","ix":1,"cix":2,"np":6,"it":[{"ty":"sh","bm":0,"hd":false,"mn":"ADBE Vector Shape - Group","nm":"Path 1","ix":1,"d":1,"ks":{"a":0,"k":{"c":true,"i":[[0,0],[6.879,0],[0.94,-6.725],[0,0],[-2.892,7.957],[-1.434,6.32],[0,0],[-3.015,-4.97]],"o":[[-0.94,-6.725],[-6.88,0],[0,0],[1.872,-3.054],[1.933,-5.327],[0,0],[4.125,18.032],[0,0]],"v":[[13.618,43.506],[-0.001,31.651],[-13.62,43.506],[-18.257,43.506],[-10.667,27.203],[-5.594,9.659],[5.617,9.659],[18.285,43.506]]},"ix":2}},{"ty":"sh","bm":0,"hd":false,"mn":"ADBE Vector Shape - Group","nm":"Path 2","ix":2,"d":1,"ks":{"a":0,"k":{"c":true,"i":[[-0.331,14.145],[0,0],[-2.489,-12.096],[0,0]],"o":[[0,0],[0.331,14.18],[0,0],[2.48,-12.133]],"v":[[-0.552,-33.666],[0.548,-33.666],[4.797,5.914],[-4.786,5.914]]},"ix":2}},{"ty":"sh","bm":0,"hd":false,"mn":"ADBE Vector Shape - Group","nm":"Path 3","ix":3,"d":1,"ks":{"a":0,"k":{"c":true,"i":[[-0.572,0],[0,0],[0,-0.571],[0.573,0],[0,0],[0,0.573]],"o":[[0,0],[0.573,0],[0,0.573],[0,0],[-0.572,0],[0,-0.571]],"v":[[-1.148,-39.482],[1.146,-39.482],[2.182,-38.445],[1.146,-37.408],[-1.148,-37.408],[-2.186,-38.445]]},"ix":2}},{"ty":"sh","bm":0,"hd":false,"mn":"ADBE Vector Shape - Group","nm":"Path 4","ix":4,"d":1,"ks":{"a":0,"k":{"c":true,"i":[[0,0],[5.598,23.941],[0,0.575],[0,0],[0.589,0],[0,0],[0.285,14.653],[0,1.402],[2.293,0.349],[0,0],[0.588,0],[0,0],[0,-0.589],[0,0],[0,-2.39],[-1.051,-0.904],[2.608,-12.405],[0,0],[0,-0.59],[0,0],[-0.567,-0.024],[0.082,-0.104],[0,0],[-0.177,-0.369],[-0.408,0],[0,0],[0,0.589],[0,0],[0.589,0],[0,0],[-4.814,0],[-0.902,-4.632],[0,0],[0,-0.589],[0,0],[-0.59,0],[0,0],[-0.177,0.368],[0.256,0.32]],"o":[[-0.083,-0.106],[0.572,-0.022],[0,0],[0,-0.59],[0,0],[-2.602,-12.39],[1.05,-0.903],[0,-2.39],[0,0],[0,-0.589],[0,0],[-0.59,0],[0,0],[-2.293,0.35],[0,1.4],[-0.284,14.64],[0,0],[-0.589,0],[0,0],[0,0.573],[-5.6,23.934],[0,0],[-0.253,0.321],[0.179,0.368],[0,0],[0.589,0],[0,0],[0,-0.589],[0,0],[0.902,-4.633],[4.812,0],[0,0],[-0.59,0],[0,0],[0,0.589],[0,0],[0.409,0],[0.178,-0.368],[0,0]],"v":[[23.235,44.213],[9.439,9.659],[10.466,8.592],[10.466,6.982],[9.399,5.914],[8.615,5.914],[4.263,-34.828],[5.926,-38.445],[1.87,-43.171],[1.87,-46.18],[0.804,-47.247],[-0.806,-47.247],[-1.872,-46.18],[-1.872,-43.172],[-5.928,-38.447],[-4.266,-34.83],[-8.623,5.914],[-9.401,5.914],[-10.468,6.982],[-10.468,8.591],[-9.45,9.656],[-23.238,44.209],[-24.278,45.516],[-24.403,46.643],[-23.443,47.247],[-8.008,47.247],[-6.942,46.182],[-6.942,44.573],[-8.008,43.506],[-9.831,43.506],[-0.001,35.396],[9.828,43.506],[8.006,43.506],[6.938,44.573],[6.938,46.182],[8.006,47.247],[23.442,47.247],[24.403,46.643],[24.276,45.516]]},"ix":2}},{"ty":"mm","bm":0,"hd":false,"mn":"ADBE Vector Filter - Merge","nm":"Merge Paths 1","mm":1},{"ty":"fl","bm":0,"hd":false,"mn":"ADBE Vector Graphic - Fill","nm":"Fill 1","c":{"a":0,"k":[1,1,1],"ix":4},"r":1,"o":{"a":0,"k":100,"ix":5}},{"ty":"tr","a":{"a":0,"k":[0,0],"ix":1},"s":{"a":0,"k":[100,100],"ix":3},"sk":{"a":0,"k":0,"ix":4},"p":{"a":0,"k":[1336.953,549.247],"ix":2},"r":{"a":0,"k":0,"ix":6},"sa":{"a":0,"k":0,"ix":5},"o":{"a":0,"k":100,"ix":7}}]},{"ty":"gr","bm":0,"hd":false,"mn":"ADBE Vector Group","nm":"Group 2","ix":2,"cix":2,"np":4,"it":[{"ty":"sh","bm":0,"hd":false,"mn":"ADBE Vector Shape - Group","nm":"Path 1","ix":1,"d":1,"ks":{"a":0,"k":{"c":true,"i":[[0,0],[-0.693,2.144],[0,0],[0,0]],"o":[[0.881,-2.544],[0,0],[0,0],[0,0]],"v":[[-3.097,3.922],[-0.492,-3.923],[0.761,-3.923],[3.259,3.922]]},"ix":2}},{"ty":"sh","bm":0,"hd":false,"mn":"ADBE Vector Shape - Group","nm":"Path 2","ix":2,"d":1,"ks":{"a":0,"k":{"c":true,"i":[[0.464,0],[0,0],[0.141,-0.442],[0,0],[1.286,-3.402],[0,0],[-0.198,-0.287],[-0.35,0],[0,0],[-0.201,0.275],[0.104,0.324],[0,0]],"o":[[0,0],[-0.464,0],[0,0],[-0.021,0.072],[0,0],[-0.124,0.327],[0.199,0.289],[0,0],[0.34,0],[0.2,-0.276],[0,0],[-0.14,-0.444]],"v":[[2.719,-7.665],[-2.444,-7.665],[-3.459,-6.923],[-3.643,-6.353],[-7.509,5.135],[-7.918,6.224],[-7.798,7.206],[-6.921,7.666],[6.922,7.666],[7.784,7.229],[7.938,6.276],[3.734,-6.921]]},"ix":2}},{"ty":"mm","bm":0,"hd":false,"mn":"ADBE Vector Filter - Merge","nm":"Merge Paths 1","mm":1},{"ty":"fl","bm":0,"hd":false,"mn":"ADBE Vector Graphic - Fill","nm":"Fill 1","c":{"a":0,"k":[1,1,1],"ix":4},"r":1,"o":{"a":0,"k":100,"ix":5}},{"ty":"tr","a":{"a":0,"k":[0,0],"ix":1},"s":{"a":0,"k":[100,100],"ix":3},"sk":{"a":0,"k":0,"ix":4},"p":{"a":0,"k":[1336.919,569.632],"ix":2},"r":{"a":0,"k":0,"ix":6},"sa":{"a":0,"k":0,"ix":5},"o":{"a":0,"k":100,"ix":7}}]}],"ind":14,"parent":9},{"ty":4,"nm":"Layer 5 Outlines","sr":1,"st":0,"op":240,"ip":0,"hd":false,"ddd":0,"bm":0,"hasMask":false,"ao":0,"ks":{"a":{"a":0,"k":[70.25,52.25,0],"ix":1},"s":{"a":0,"k":[100,100,100],"ix":6},"sk":{"a":0,"k":0},"p":{"a":0,"k":[47.875,21,0],"ix":2},"r":{"a":0,"k":0,"ix":10},"sa":{"a":0,"k":0},"o":{"a":0,"k":100,"ix":11}},"ef":[],"shapes":[{"ty":"gr","bm":0,"hd":false,"mn":"ADBE Vector Group","nm":"Group 1","ix":1,"cix":2,"np":2,"it":[{"ty":"sh","bm":0,"hd":false,"mn":"ADBE Vector Shape - Group","nm":"Path 1","ix":1,"d":1,"ks":{"a":0,"k":{"c":true,"i":[[0,0],[0,0],[0,0],[-4.418,0],[0,0],[0,-4.418]],"o":[[0,0],[0,0],[0,-4.418],[0,0],[4.418,0],[0,0]],"v":[[70,52],[-70,52],[-70,-44],[-62,-52],[62,-52],[70,-44]]},"ix":2}},{"ty":"fl","bm":0,"hd":false,"mn":"ADBE Vector Graphic - Fill","nm":"Fill 1","c":{"a":0,"k":[0,0.3647,1],"ix":4},"r":1,"o":{"a":0,"k":100,"ix":5}},{"ty":"tr","a":{"a":0,"k":[0,0],"ix":1},"s":{"a":0,"k":[100,100],"ix":3},"sk":{"a":0,"k":0,"ix":4},"p":{"a":0,"k":[70.25,52.25],"ix":2},"r":{"a":0,"k":0,"ix":6},"sa":{"a":0,"k":0,"ix":5},"o":{"a":0,"k":100,"ix":7}}]}],"ind":15,"parent":9},{"ty":4,"nm":"Import Outlines 3","sr":1,"st":0,"op":240,"ip":0,"hd":false,"ddd":0,"bm":0,"hasMask":false,"ao":0,"ks":{"a":{"a":0,"k":[1338.172,575.634,0],"ix":1},"s":{"a":1,"k":[{"o":{"x":0.333,"y":0},"i":{"x":0.667,"y":1},"s":[62.5,62.5,100],"t":0},{"o":{"x":0.167,"y":0},"i":{"x":0.667,"y":1},"s":[100,100,100],"t":14},{"o":{"x":0.333,"y":0},"i":{"x":0.667,"y":1},"s":[100,100,100],"t":48},{"o":{"x":0.333,"y":0},"i":{"x":0.833,"y":1},"s":[1,1,100],"t":60},{"o":{"x":0.167,"y":0},"i":{"x":0.667,"y":1},"s":[1,1,100],"t":96},{"s":[1,1,100],"t":120}],"ix":6},"sk":{"a":0,"k":0},"p":{"a":0,"k":[52.69,73.51,0],"ix":2},"r":{"a":0,"k":0,"ix":10},"sa":{"a":0,"k":0},"o":{"a":0,"k":100,"ix":11}},"ef":[],"shapes":[{"ty":"gr","bm":0,"hd":false,"mn":"ADBE Vector Group","nm":"Group 1","ix":1,"cix":2,"np":21,"it":[{"ty":"sh","bm":0,"hd":false,"mn":"ADBE Vector Shape - Group","nm":"Path 1","ix":1,"d":1,"ks":{"a":0,"k":{"c":true,"i":[[0,0],[0,0],[0,0],[0,0]],"o":[[0,0],[0,0],[0,0],[0,0]],"v":[[-36.82,38.464],[-36.856,34.365],[36.941,33.714],[36.977,37.813]]},"ix":2}},{"ty":"sh","bm":0,"hd":false,"mn":"ADBE Vector Shape - Group","nm":"Path 2","ix":2,"d":1,"ks":{"a":0,"k":{"c":true,"i":[[0,0],[0,0],[0,0],[0,0]],"o":[[0,0],[0,0],[0,0],[0,0]],"v":[[-36.892,30.266],[-34.159,30.24],[-34.147,31.608],[-36.881,31.631]]},"ix":2}},{"ty":"sh","bm":0,"hd":false,"mn":"ADBE Vector Shape - Group","nm":"Path 3","ix":3,"d":1,"ks":{"a":0,"k":{"c":true,"i":[[0,0],[0,0],[0,0],[0,0],[0,0],[0,0]],"o":[[0,0],[0,0],[0,0],[0,0],[0,0],[0,0]],"v":[[25.441,16.047],[26.771,11.935],[31.281,11.895],[31.451,31.027],[23.25,31.1],[23.118,16.068]]},"ix":2}},{"ty":"sh","bm":0,"hd":false,"mn":"ADBE Vector Shape - Group","nm":"Path 4","ix":4,"d":1,"ks":{"a":0,"k":{"c":true,"i":[[0,0],[0,0],[0,0],[0,0]],"o":[[0,0],[0,0],[0,0],[0,0]],"v":[[19.951,13.362],[19.529,11.999],[23.902,11.96],[23.503,13.331]]},"ix":2}},{"ty":"sh","bm":0,"hd":false,"mn":"ADBE Vector Shape - Group","nm":"Path 5","ix":5,"d":1,"ks":{"a":0,"k":{"c":true,"i":[[0,0],[0,0],[0,0],[0,0],[0,0],[0,0],[0,0],[0,0]],"o":[[0,0],[0,0],[0,0],[0,0],[0,0],[0,0],[0,0],[0,0]],"v":[[11.775,16.167],[13.105,12.056],[16.659,12.025],[18.061,16.112],[20.384,16.092],[20.517,31.124],[9.584,31.221],[9.451,16.188]]},"ix":2}},{"ty":"sh","bm":0,"hd":false,"mn":"ADBE Vector Shape - Group","nm":"Path 6","ix":6,"d":1,"ks":{"a":0,"k":{"c":true,"i":[[0,0],[0,0],[0,0],[0,0]],"o":[[0,0],[0,0],[0,0],[0,0]],"v":[[6.284,13.483],[5.863,12.12],[10.236,12.081],[9.837,13.451]]},"ix":2}},{"ty":"sh","bm":0,"hd":false,"mn":"ADBE Vector Shape - Group","nm":"Path 7","ix":7,"d":1,"ks":{"a":0,"k":{"c":true,"i":[[0,0],[0,0],[0,0],[0,0],[0,0],[0,0],[0,0],[0,0]],"o":[[0,0],[0,0],[0,0],[0,0],[0,0],[0,0],[0,0],[0,0]],"v":[[-4.625,16.313],[-3.294,12.201],[2.993,12.145],[4.395,16.233],[6.718,16.212],[6.851,31.245],[-6.815,31.365],[-6.948,16.333]]},"ix":2}},{"ty":"sh","bm":0,"hd":false,"mn":"ADBE Vector Shape - Group","nm":"Path 8","ix":8,"d":1,"ks":{"a":0,"k":{"c":true,"i":[[0,0],[0,0],[0,0],[0,0]],"o":[[0,0],[0,0],[0,0],[0,0]],"v":[[-10.115,13.628],[-10.538,12.266],[-6.164,12.227],[-6.562,13.596]]},"ix":2}},{"ty":"sh","bm":0,"hd":false,"mn":"ADBE Vector Shape - Group","nm":"Path 9","ix":9,"d":1,"ks":{"a":0,"k":{"c":true,"i":[[0,0],[0,0],[0,0],[0,0],[0,0],[0,0],[0,0],[0,0]],"o":[[0,0],[0,0],[0,0],[0,0],[0,0],[0,0],[0,0],[0,0]],"v":[[-18.291,16.433],[-16.961,12.321],[-13.407,12.29],[-12.005,16.378],[-9.681,16.357],[-9.549,31.391],[-20.481,31.486],[-20.614,16.453]]},"ix":2}},{"ty":"sh","bm":0,"hd":false,"mn":"ADBE Vector Shape - Group","nm":"Path 10","ix":10,"d":1,"ks":{"a":0,"k":{"c":true,"i":[[0,0],[0,0],[0,0],[0,0]],"o":[[0,0],[0,0],[0,0],[0,0]],"v":[[-23.781,13.748],[-24.204,12.385],[-19.831,12.347],[-20.228,13.717]]},"ix":2}},{"ty":"sh","bm":0,"hd":false,"mn":"ADBE Vector Shape - Group","nm":"Path 11","ix":11,"d":1,"ks":{"a":0,"k":{"c":true,"i":[[0,0],[0,0],[0,0],[0,0]],"o":[[0,0],[0,0],[0,0],[0,0]],"v":[[-31.607,9.717],[-31.643,5.617],[31.221,5.062],[31.257,9.162]]},"ix":2}},{"ty":"sh","bm":0,"hd":false,"mn":"ADBE Vector Shape - Group","nm":"Path 12","ix":12,"d":1,"ks":{"a":0,"k":{"c":true,"i":[[0,0],[0,0],[0,0],[0,0],[0,0],[0,0]],"o":[[0,0],[0,0],[0,0],[0,0],[0,0],[0,0]],"v":[[-27.073,12.41],[-25.671,16.498],[-23.347,16.478],[-23.215,31.511],[-31.414,31.583],[-31.583,12.451]]},"ix":2}},{"ty":"sh","bm":0,"hd":false,"mn":"ADBE Vector Shape - Group","nm":"Path 13","ix":13,"d":1,"ks":{"a":0,"k":{"c":true,"i":[[0,0],[0.142,0.545],[0,0],[0,0],[-2.431,3.301],[0,0],[0,0],[0,0],[0,0],[0,0],[0,0],[0,0],[-3.968,-0.512],[0,0],[0,0],[0.547,-0.004]],"o":[[-0.546,0.005],[0,0],[0,0],[4.095,-0.582],[0,0],[0,0],[0,0],[0,0],[0,0],[0,0],[0,0],[2.489,3.257],[0,0],[0,0],[-0.132,0.548],[0,0]],"v":[[-35.221,2.917],[-36.46,1.97],[-36.739,1.289],[-33.189,0.847],[-23.128,-5.118],[-22.857,-5.394],[-6.527,-5.538],[-6.49,-2.802],[5.96,-2.874],[5.923,-5.648],[22.242,-5.792],[22.517,-5.521],[32.682,0.266],[36.239,0.644],[35.971,1.331],[34.749,2.297]]},"ix":2}},{"ty":"sh","bm":0,"hd":false,"mn":"ADBE Vector Shape - Group","nm":"Path 14","ix":14,"d":1,"ks":{"a":0,"k":{"c":true,"i":[[0,0],[0,0],[0,0],[0,0]],"o":[[0,0],[0,0],[0,0],[0,0]],"v":[[1.774,-5.598],[-2.377,-5.574],[-2.414,-8.322],[1.737,-8.346]]},"ix":2}},{"ty":"sh","bm":0,"hd":false,"mn":"ADBE Vector Shape - Group","nm":"Path 15","ix":15,"d":1,"ks":{"a":0,"k":{"c":true,"i":[[0,0],[0,0],[0,0],[0,0],[0,0],[0,0],[0,0],[0,0]],"o":[[0,0],[0,0],[0,0],[0,0],[0,0],[0,0],[0,0],[0,0]],"v":[[5.851,-11.118],[-6.6,-11.044],[-6.563,-8.271],[-22.198,-8.133],[-22.258,-14.966],[21.474,-15.353],[21.534,-8.519],[5.887,-8.381]]},"ix":2}},{"ty":"sh","bm":0,"hd":false,"mn":"ADBE Vector Shape - Group","nm":"Path 16","ix":16,"d":1,"ks":{"a":0,"k":{"c":true,"i":[[0,0],[0,0],[0,0],[-2.42,4.531],[0,0],[-4.936,-1.733],[0,0],[0,0]],"o":[[0,0],[0,0],[4.903,-1.957],[0,0],[2.501,4.625],[0,0],[0,0],[0,0]],"v":[[-25.425,-17.672],[-26.126,-19.579],[-25.173,-19.997],[-13.782,-30.075],[12.457,-30.307],[24.025,-20.432],[24.986,-20.031],[24.592,-18.114]]},"ix":2}},{"ty":"sh","bm":0,"hd":false,"mn":"ADBE Vector Shape - Group","nm":"Path 17","ix":17,"d":1,"ks":{"a":0,"k":{"c":true,"i":[[0,0],[0,0],[0,0],[0,0]],"o":[[0,0],[0,0],[0,0],[0,0]],"v":[[-11.904,-34.192],[10.782,-34.392],[11.34,-33.031],[-12.439,-32.82]]},"ix":2}},{"ty":"sh","bm":0,"hd":false,"mn":"ADBE Vector Shape - Group","nm":"Path 18","ix":18,"d":1,"ks":{"a":0,"k":{"c":true,"i":[[0,0],[0,0],[0,0],[0,0]],"o":[[0,0],[0,0],[0,0],[0,0]],"v":[[36.905,29.612],[36.916,30.98],[34.183,31.003],[34.171,29.637]]},"ix":2}},{"ty":"sh","bm":0,"hd":false,"mn":"ADBE Vector Shape - Group","nm":"Path 19","ix":19,"d":1,"ks":{"a":0,"k":{"c":true,"i":[[0,0],[0,0],[0,0],[0,0],[0,0],[0,0],[0,0],[0,0],[0,0],[0,0],[0,0],[0,0],[-0.532,1.781],[0,0],[0,0],[0,0],[0,0],[0,0],[1.521,2.037],[0,0],[0,0],[0,0],[-0.401,1.097],[0,0],[0,0],[0.275,0.135],[0,0],[0,0],[0,0],[1.537,3.813],[0,0],[0,0],[1.504,-0.013],[0,0],[0,0],[0,0],[0,0],[0,0],[0,0],[0,0],[0,0],[0,0],[-0.013,-1.503],[0,0],[0,0],[3.396,-2.216],[0,0],[0,0],[0,0],[0.171,-0.07],[0.135,-0.069],[0,0],[0,0],[-1.23,0.012],[0,0],[0,0],[0,0],[2.455,-0.705],[0,0],[0,0],[0,0],[0,0],[0,0],[-1.776,0.015],[0,0],[0,0],[0,0],[0,0],[0,0],[0,0],[0,0],[0,0],[0,0],[0,0],[0,0],[0,0],[0,0]],"o":[[0,0],[0,0],[0,0],[0,0],[0,0],[0,0],[0,0],[0,0],[0,0],[0,0],[0,0],[1.776,-0.015],[0,0],[0,0],[0,0],[0,0],[0,0],[-2.603,-0.661],[0,0],[0,0],[0,0],[1.23,-0.011],[0,0],[0,0],[-0.411,-0.133],[0,0],[0,0],[0,0],[-3.436,-2.156],[0,0],[0,0],[-0.014,-1.503],[0,0],[0,0],[0,0],[0,0],[0,0],[0,0],[0,0],[0,0],[0,0],[-1.504,0.014],[0,0],[0,0],[-1.332,3.838],[0,0],[0,0],[0,0],[-0.136,0.07],[-0.17,0.07],[0,0],[0,0],[0.42,1.09],[0,0],[0,0],[0,0],[-1.621,2.201],[0,0],[0,0],[0,0],[0,0],[0,0],[0.563,1.772],[0,0],[0,0],[0,0],[0,0],[0,0],[0,0],[0,0],[0,0],[0,0],[0,0],[0,0],[0,0],[0,0],[0,0]],"v":[[41.076,37.777],[39.71,37.788],[39.602,25.488],[36.868,25.513],[36.88,26.88],[34.148,26.904],[34.099,21.438],[40.932,21.378],[40.908,18.644],[34.075,18.704],[33.954,5.038],[34.774,5.03],[38.576,2.128],[39.771,-1.71],[33.889,-2.342],[33.869,-4.528],[31.136,-4.504],[31.151,-2.864],[24.689,-7.181],[24.276,-7.587],[24.206,-15.377],[24.617,-15.38],[27.197,-17.317],[28.661,-21.703],[25.234,-22.903],[24.273,-23.305],[24.246,-26.311],[21.513,-26.286],[21.527,-24.784],[13.928,-34.01],[13.09,-36.053],[13.069,-38.513],[10.311,-41.221],[8.945,-41.21],[8.968,-38.476],[10.335,-38.489],[10.347,-37.122],[-11.518,-36.929],[-11.53,-38.295],[-10.164,-38.307],[-10.188,-41.041],[-11.554,-41.029],[-14.264,-38.271],[-14.242,-35.811],[-14.909,-33.892],[-22.342,-24.533],[-22.355,-25.898],[-25.089,-25.875],[-25.063,-23.005],[-25.54,-22.796],[-26.015,-22.587],[-29.422,-21.327],[-27.88,-16.967],[-25.266,-15.077],[-24.993,-15.079],[-24.924,-7.289],[-25.329,-6.739],[-31.714,-2.309],[-31.728,-3.949],[-34.462,-3.924],[-34.442,-1.738],[-40.312,-1.003],[-39.049,2.813],[-35.197,5.649],[-34.377,5.642],[-34.268,17.941],[-41.101,18.001],[-41.077,20.735],[-34.244,20.674],[-34.183,27.508],[-36.917,27.531],[-36.928,26.165],[-39.662,26.189],[-39.553,38.488],[-40.92,38.501],[-40.896,41.234],[41.101,40.509]]},"ix":2}},{"ty":"mm","bm":0,"hd":false,"mn":"ADBE Vector Filter - Merge","nm":"Merge Paths 1","mm":1},{"ty":"fl","bm":0,"hd":false,"mn":"ADBE Vector Graphic - Fill","nm":"Fill 1","c":{"a":0,"k":[1,1,1],"ix":4},"r":1,"o":{"a":0,"k":100,"ix":5}},{"ty":"tr","a":{"a":0,"k":[0,0],"ix":1},"s":{"a":0,"k":[100,100],"ix":3},"sk":{"a":0,"k":0,"ix":4},"p":{"a":0,"k":[1337.04,536.118],"ix":2},"r":{"a":0,"k":0,"ix":6},"sa":{"a":0,"k":0,"ix":5},"o":{"a":0,"k":100,"ix":7}}]}],"ind":16,"parent":10},{"ty":4,"nm":"Layer 2 Outlines 2","sr":1,"st":0,"op":240,"ip":0,"hd":false,"ddd":0,"bm":0,"hasMask":false,"ao":0,"ks":{"a":{"a":0,"k":[-0.703,12.832,0],"ix":1},"s":{"a":1,"k":[{"o":{"x":0.333,"y":0},"i":{"x":0.667,"y":1},"s":[100,100,100],"t":48},{"o":{"x":0.333,"y":0},"i":{"x":0.833,"y":1},"s":[0,0,100],"t":60},{"o":{"x":0.167,"y":0},"i":{"x":0.667,"y":1},"s":[0,0,100],"t":96},{"s":[0,0,100],"t":120}],"ix":6},"sk":{"a":0,"k":0},"p":{"a":0,"k":[-7.661,98.082,0],"ix":2},"r":{"a":0,"k":0,"ix":10},"sa":{"a":0,"k":0},"o":{"a":0,"k":100,"ix":11}},"ef":[],"shapes":[{"ty":"gr","bm":0,"hd":false,"mn":"ADBE Vector Group","nm":"Group 1","ix":1,"cix":2,"np":2,"it":[{"ty":"sh","bm":0,"hd":false,"mn":"ADBE Vector Shape - Group","nm":"Path 1","ix":1,"d":1,"ks":{"a":0,"k":{"c":true,"i":[[1.104,0],[0,0],[0,-1.104],[0,0],[-1.104,0],[0,0],[0,1.104],[0,0]],"o":[[0,0],[-1.104,0],[0,0],[0,1.104],[0,0],[1.104,0],[0,0],[0,-1.104]],"v":[[24.5,-4],[-24.5,-4],[-26.5,-2],[-26.5,2],[-24.5,4],[24.5,4],[26.5,2],[26.5,-2]]},"ix":2}},{"ty":"fl","bm":0,"hd":false,"mn":"ADBE Vector Graphic - Fill","nm":"Fill 1","c":{"a":0,"k":[0.7373,0.7373,0.7373],"ix":4},"r":1,"o":{"a":0,"k":100,"ix":5}},{"ty":"tr","a":{"a":0,"k":[0,0],"ix":1},"s":{"a":0,"k":[100,100],"ix":3},"sk":{"a":0,"k":0,"ix":4},"p":{"a":0,"k":[26.75,20.25],"ix":2},"r":{"a":0,"k":0,"ix":6},"sa":{"a":0,"k":0,"ix":5},"o":{"a":0,"k":100,"ix":7}}]},{"ty":"gr","bm":0,"hd":false,"mn":"ADBE Vector Group","nm":"Group 2","ix":2,"cix":2,"np":2,"it":[{"ty":"sh","bm":0,"hd":false,"mn":"ADBE Vector Shape - Group","nm":"Path 1","ix":1,"d":1,"ks":{"a":0,"k":{"c":true,"i":[[1.104,0],[0,0],[0,-1.104],[0,0],[-1.104,0],[0,0],[0,1.104],[0,0]],"o":[[0,0],[-1.104,0],[0,0],[0,1.104],[0,0],[1.104,0],[0,0],[0,-1.104]],"v":[[51,-4],[-51,-4],[-53,-2],[-53,2],[-51,4],[51,4],[53,2],[53,-2]]},"ix":2}},{"ty":"fl","bm":0,"hd":false,"mn":"ADBE Vector Graphic - Fill","nm":"Fill 1","c":{"a":0,"k":[0.7373,0.7373,0.7373],"ix":4},"r":1,"o":{"a":0,"k":100,"ix":5}},{"ty":"tr","a":{"a":0,"k":[0,0],"ix":1},"s":{"a":0,"k":[100,100],"ix":3},"sk":{"a":0,"k":0,"ix":4},"p":{"a":0,"k":[53.25,4.25],"ix":2},"r":{"a":0,"k":0,"ix":6},"sa":{"a":0,"k":0,"ix":5},"o":{"a":0,"k":100,"ix":7}}]}],"ind":17,"parent":10},{"ty":4,"nm":"Layer 3 Outlines 3","sr":1,"st":0,"op":240,"ip":0,"hd":false,"ddd":0,"bm":0,"hasMask":false,"ao":0,"ks":{"a":{"a":0,"k":[70.25,28.25,0],"ix":1},"s":{"a":0,"k":[100,100,100],"ix":6},"sk":{"a":0,"k":0},"p":{"a":0,"k":[51.292,99.875,0],"ix":2},"r":{"a":0,"k":0,"ix":10},"sa":{"a":0,"k":0},"o":{"a":0,"k":100,"ix":11}},"ef":[],"shapes":[{"ty":"gr","bm":0,"hd":false,"mn":"ADBE Vector Group","nm":"Group 1","ix":1,"cix":2,"np":2,"it":[{"ty":"sh","bm":0,"hd":false,"mn":"ADBE Vector Shape - Group","nm":"Path 1","ix":1,"d":1,"ks":{"a":0,"k":{"c":true,"i":[[0,0],[0,0],[0,0],[4.418,0],[0,0],[0,4.418]],"o":[[0,0],[0,0],[0,4.418],[0,0],[-4.418,0],[0,0]],"v":[[-70,-28],[70,-28],[70,20],[62,28],[-62,28],[-70,20]]},"ix":2}},{"ty":"fl","bm":0,"hd":false,"mn":"ADBE Vector Graphic - Fill","nm":"Fill 1","c":{"a":0,"k":[0.9059,0.9059,0.9059],"ix":4},"r":1,"o":{"a":0,"k":100,"ix":5}},{"ty":"tr","a":{"a":0,"k":[0,0],"ix":1},"s":{"a":0,"k":[100,100],"ix":3},"sk":{"a":0,"k":0,"ix":4},"p":{"a":0,"k":[70.25,28.25],"ix":2},"r":{"a":0,"k":0,"ix":6},"sa":{"a":0,"k":0,"ix":5},"o":{"a":0,"k":100,"ix":7}}]}],"ind":18,"parent":10},{"ty":4,"nm":"Layer 5 Outlines 3","sr":1,"st":0,"op":240,"ip":0,"hd":false,"ddd":0,"bm":0,"hasMask":false,"ao":0,"ks":{"a":{"a":0,"k":[70.25,52.25,0],"ix":1},"s":{"a":0,"k":[100,100,100],"ix":6},"sk":{"a":0,"k":0},"p":{"a":0,"k":[51.292,21,0],"ix":2},"r":{"a":0,"k":0,"ix":10},"sa":{"a":0,"k":0},"o":{"a":0,"k":100,"ix":11}},"ef":[],"shapes":[{"ty":"gr","bm":0,"hd":false,"mn":"ADBE Vector Group","nm":"Group 1","ix":1,"cix":2,"np":2,"it":[{"ty":"sh","bm":0,"hd":false,"mn":"ADBE Vector Shape - Group","nm":"Path 1","ix":1,"d":1,"ks":{"a":0,"k":{"c":true,"i":[[0,0],[0,0],[0,0],[-4.418,0],[0,0],[0,-4.418]],"o":[[0,0],[0,0],[0,-4.418],[0,0],[4.418,0],[0,0]],"v":[[70,52],[-70,52],[-70,-44],[-62,-52],[62,-52],[70,-44]]},"ix":2}},{"ty":"fl","bm":0,"hd":false,"mn":"ADBE Vector Graphic - Fill","nm":"Fill 1","c":{"a":0,"k":[1,0,0.3686],"ix":4},"r":1,"o":{"a":0,"k":100,"ix":5}},{"ty":"tr","a":{"a":0,"k":[0,0],"ix":1},"s":{"a":0,"k":[100,100],"ix":3},"sk":{"a":0,"k":0,"ix":4},"p":{"a":0,"k":[70.25,52.25],"ix":2},"r":{"a":0,"k":0,"ix":6},"sa":{"a":0,"k":0,"ix":5},"o":{"a":0,"k":100,"ix":7}}]}],"ind":19,"parent":10},{"ty":4,"nm":"Layer 2 Outlines","sr":1,"st":0,"op":240,"ip":0,"hd":false,"ddd":0,"bm":0,"hasMask":false,"ao":0,"ks":{"a":{"a":0,"k":[0.71,12.231,0],"ix":1},"s":{"a":1,"k":[{"o":{"x":0.333,"y":0},"i":{"x":0.667,"y":1},"s":[100,100,100],"t":48},{"o":{"x":0.333,"y":0},"i":{"x":0.833,"y":1},"s":[0,0,100],"t":60},{"o":{"x":0.167,"y":0},"i":{"x":0.667,"y":1},"s":[0,0,100],"t":96},{"s":[0,0,100],"t":120}],"ix":6},"sk":{"a":0,"k":0},"p":{"a":0,"k":[-7.749,100.481,0],"ix":2},"r":{"a":0,"k":0,"ix":10},"sa":{"a":0,"k":0},"o":{"a":0,"k":100,"ix":11}},"ef":[],"shapes":[{"ty":"gr","bm":0,"hd":false,"mn":"ADBE Vector Group","nm":"Group 1","ix":1,"cix":2,"np":2,"it":[{"ty":"sh","bm":0,"hd":false,"mn":"ADBE Vector Shape - Group","nm":"Path 1","ix":1,"d":1,"ks":{"a":0,"k":{"c":true,"i":[[1.104,0],[0,0],[0,-1.104],[0,0],[-1.104,0],[0,0],[0,1.104],[0,0]],"o":[[0,0],[-1.104,0],[0,0],[0,1.104],[0,0],[1.104,0],[0,0],[0,-1.104]],"v":[[24.5,-4],[-24.5,-4],[-26.5,-2],[-26.5,2],[-24.5,4],[24.5,4],[26.5,2],[26.5,-2]]},"ix":2}},{"ty":"fl","bm":0,"hd":false,"mn":"ADBE Vector Graphic - Fill","nm":"Fill 1","c":{"a":0,"k":[0.7373,0.7373,0.7373],"ix":4},"r":1,"o":{"a":0,"k":100,"ix":5}},{"ty":"tr","a":{"a":0,"k":[0,0],"ix":1},"s":{"a":0,"k":[100,100],"ix":3},"sk":{"a":0,"k":0,"ix":4},"p":{"a":0,"k":[26.75,20.25],"ix":2},"r":{"a":0,"k":0,"ix":6},"sa":{"a":0,"k":0,"ix":5},"o":{"a":0,"k":100,"ix":7}}]},{"ty":"gr","bm":0,"hd":false,"mn":"ADBE Vector Group","nm":"Group 2","ix":2,"cix":2,"np":2,"it":[{"ty":"sh","bm":0,"hd":false,"mn":"ADBE Vector Shape - Group","nm":"Path 1","ix":1,"d":1,"ks":{"a":0,"k":{"c":true,"i":[[1.104,0],[0,0],[0,-1.104],[0,0],[-1.104,0],[0,0],[0,1.104],[0,0]],"o":[[0,0],[-1.104,0],[0,0],[0,1.104],[0,0],[1.104,0],[0,0],[0,-1.104]],"v":[[51,-4],[-51,-4],[-53,-2],[-53,2],[-51,4],[51,4],[53,2],[53,-2]]},"ix":2}},{"ty":"fl","bm":0,"hd":false,"mn":"ADBE Vector Graphic - Fill","nm":"Fill 1","c":{"a":0,"k":[0.7373,0.7373,0.7373],"ix":4},"r":1,"o":{"a":0,"k":100,"ix":5}},{"ty":"tr","a":{"a":0,"k":[0,0],"ix":1},"s":{"a":0,"k":[100,100],"ix":3},"sk":{"a":0,"k":0,"ix":4},"p":{"a":0,"k":[53.25,4.25],"ix":2},"r":{"a":0,"k":0,"ix":6},"sa":{"a":0,"k":0,"ix":5},"o":{"a":0,"k":100,"ix":7}}]}],"ind":20,"parent":11},{"ty":4,"nm":"Layer 3 Outlines 2","sr":1,"st":0,"op":240,"ip":0,"hd":false,"ddd":0,"bm":0,"hasMask":false,"ao":0,"ks":{"a":{"a":0,"k":[70.25,28.25,0],"ix":1},"s":{"a":0,"k":[100,100,100],"ix":6},"sk":{"a":0,"k":0},"p":{"a":0,"k":[49.792,102.875,0],"ix":2},"r":{"a":0,"k":0,"ix":10},"sa":{"a":0,"k":0},"o":{"a":0,"k":100,"ix":11}},"ef":[],"shapes":[{"ty":"gr","bm":0,"hd":false,"mn":"ADBE Vector Group","nm":"Group 1","ix":1,"cix":2,"np":2,"it":[{"ty":"sh","bm":0,"hd":false,"mn":"ADBE Vector Shape - Group","nm":"Path 1","ix":1,"d":1,"ks":{"a":0,"k":{"c":true,"i":[[0,0],[0,0],[0,0],[4.418,0],[0,0],[0,4.418]],"o":[[0,0],[0,0],[0,4.418],[0,0],[-4.418,0],[0,0]],"v":[[-70,-28],[70,-28],[70,20],[62,28],[-62,28],[-70,20]]},"ix":2}},{"ty":"fl","bm":0,"hd":false,"mn":"ADBE Vector Graphic - Fill","nm":"Fill 1","c":{"a":0,"k":[0.9059,0.9059,0.9059],"ix":4},"r":1,"o":{"a":0,"k":100,"ix":5}},{"ty":"tr","a":{"a":0,"k":[0,0],"ix":1},"s":{"a":0,"k":[100,100],"ix":3},"sk":{"a":0,"k":0,"ix":4},"p":{"a":0,"k":[70.25,28.25],"ix":2},"r":{"a":0,"k":0,"ix":6},"sa":{"a":0,"k":0,"ix":5},"o":{"a":0,"k":100,"ix":7}}]}],"ind":21,"parent":11},{"ty":4,"nm":"beach Outlines","sr":1,"st":0,"op":719.91991991992,"ip":0,"hd":false,"ddd":0,"bm":0,"hasMask":false,"ao":0,"ks":{"a":{"a":0,"k":[960,540,0],"ix":1},"s":{"a":1,"k":[{"o":{"x":0.167,"y":0.167},"i":{"x":0.833,"y":0.833},"s":[45.77,45.77,100],"t":119},{"s":[0,0,100],"t":120}],"ix":6},"sk":{"a":0,"k":0},"p":{"a":0,"k":[48.344,33.433,0],"ix":2},"r":{"a":0,"k":0,"ix":10},"sa":{"a":0,"k":0},"o":{"a":0,"k":100,"ix":11}},"ef":[],"shapes":[{"ty":"gr","bm":0,"hd":false,"mn":"ADBE Vector Group","nm":"Group 1","ix":1,"cix":2,"np":4,"it":[{"ty":"sh","bm":0,"hd":false,"mn":"ADBE Vector Shape - Group","nm":"Path 1","ix":1,"d":1,"ks":{"a":0,"k":{"c":true,"i":[[-4,0],[0,-4],[4,0],[0,4]],"o":[[4,0],[0,4],[-4,0],[0,-3.9]],"v":[[0.05,-7.3],[7.25,-0.1],[0.05,7.1],[-7.15,-0.1]]},"ix":2}},{"ty":"sh","bm":0,"hd":false,"mn":"ADBE Vector Shape - Group","nm":"Path 2","ix":2,"d":1,"ks":{"a":0,"k":{"c":true,"i":[[-10.4,0],[0,10.3],[10.3,0],[0,-10.3]],"o":[[10.3,0],[0,-10.3],[-10.3,0],[-0.1,10.3]],"v":[[0.05,18.7],[18.75,0],[0.05,-18.7],[-18.65,0]]},"ix":2}},{"ty":"mm","bm":0,"hd":false,"mn":"ADBE Vector Filter - Merge","nm":"Merge Paths 1","mm":1},{"ty":"fl","bm":0,"hd":false,"mn":"ADBE Vector Graphic - Fill","nm":"Fill 1","c":{"a":0,"k":[1,1,1],"ix":4},"r":1,"o":{"a":0,"k":100,"ix":5}},{"ty":"tr","a":{"a":0,"k":[0,0],"ix":1},"s":{"a":0,"k":[100,100],"ix":3},"sk":{"a":0,"k":0,"ix":4},"p":{"a":0,"k":[903.25,496.5],"ix":2},"r":{"a":0,"k":0,"ix":6},"sa":{"a":0,"k":0,"ix":5},"o":{"a":0,"k":100,"ix":7}}]},{"ty":"gr","bm":0,"hd":false,"mn":"ADBE Vector Group","nm":"Group 2","ix":2,"cix":2,"np":6,"it":[{"ty":"sh","bm":0,"hd":false,"mn":"ADBE Vector Shape - Group","nm":"Path 1","ix":1,"d":1,"ks":{"a":0,"k":{"c":true,"i":[[6,-5.6],[0,0],[-10,-3.7],[-0.2,-0.1],[-5.3,-4.7]],"o":[[0,0],[9.7,-2.2],[0.199,0.1],[7.599,1.9],[-8.4,2]],"v":[[56,-34.351],[27.6,-57.05],[57.7,-55.151],[58.3,-54.951],[77,-44.451]]},"ix":2}},{"ty":"sh","bm":0,"hd":false,"mn":"ADBE Vector Shape - Group","nm":"Path 2","ix":2,"d":1,"ks":{"a":0,"k":{"c":true,"i":[[6.5,-5.6],[0,0],[0,0],[-1,0.5],[0,0]],"o":[[0,0],[0,0],[1,-0.6],[0,0],[-8.2,2.8]],"v":[[20.399,-16.351],[12,-49.951],[12,-50.75],[14.899,-52.351],[43,-29.851]]},"ix":2}},{"ty":"sh","bm":0,"hd":false,"mn":"ADBE Vector Shape - Group","nm":"Path 3","ix":3,"d":1,"ks":{"a":0,"k":{"c":true,"i":[[6.7,-5.8],[-2,8.1],[-5.5,5.4],[0,0]],"o":[[-0.8,-8.2],[2.9,-7.7],[0,0],[-8.599,1.1]],"v":[[-12.7,1.349],[-10.8,-23.151],[2,-42.851],[10.399,-9.151]]},"ix":2}},{"ty":"sh","bm":0,"hd":false,"mn":"ADBE Vector Shape - Group","nm":"Path 4","ix":4,"d":1,"ks":{"a":0,"k":{"c":true,"i":[[1.5,1.5],[14.3,3.7],[14.5,-6],[2.901,0],[0,-4.5],[-0.6,-1.1],[4.6,-12.5],[0.1,-0.2],[-3.5,-13.8],[-2.2,-0.401],[-0.4,0],[-1.1,1.5],[-10.9,0],[-1.099,1.3],[-4.4,3.4],[-0.1,-0.2],[-5.301,-27.1],[0,0],[0,-3.199],[-3.2,0],[0,0],[0,3.2],[3.2,0],[0,0],[15.4,22.001],[-4.7,0],[-1.099,1.3],[-15.8,3.1],[-0.599,2]],"o":[[-8.5,-8.5],[-15.7,-5.7],[-1.4,-2.2],[-4.5,0],[0,1.3],[-9.9,7.4],[-0.1,0.2],[-3.5,13.8],[0.5,2.2],[0.4,0.099],[1.8,0],[7.2,-10.1],[1.7,0],[3.101,-3.7],[0.1,0.2],[14.099,20.1],[0,0],[-3.2,0],[0,3.2],[0,0],[3.2,0],[0,-3.199],[0,0],[-5.601,-29.7],[4.9,-2.4],[1.7,0],[6.801,-8.2],[2.1,-0.4],[0.701,-2.1]],"v":[[93,-45.151],[61.5,-66.05],[14.7,-64.951],[7.899,-68.651],[-0.2,-60.55],[0.7,-56.951],[-21.8,-26.851],[-22,-26.25],[-22,15.45],[-17.5,19.75],[-16.4,19.849],[-11.7,17.45],[16,2.049],[20.399,0.049],[32,-10.75],[32.3,-10.151],[61.2,60.149],[-89.3,60.149],[-95.1,65.95],[-89.3,71.75],[76,71.75],[81.8,65.95],[76,60.149],[73,60.149],[41.8,-16.75],[56.5,-20.651],[60.899,-22.75],[90,-35.351],[94.399,-39.351]]},"ix":2}},{"ty":"mm","bm":0,"hd":false,"mn":"ADBE Vector Filter - Merge","nm":"Merge Paths 1","mm":1},{"ty":"fl","bm":0,"hd":false,"mn":"ADBE Vector Graphic - Fill","nm":"Fill 1","c":{"a":0,"k":[1,1,1],"ix":4},"r":1,"o":{"a":0,"k":100,"ix":5}},{"ty":"tr","a":{"a":0,"k":[0,0],"ix":1},"s":{"a":0,"k":[100,100],"ix":3},"sk":{"a":0,"k":0,"ix":4},"p":{"a":0,"k":[960.2,539.15],"ix":2},"r":{"a":0,"k":0,"ix":6},"sa":{"a":0,"k":0,"ix":5},"o":{"a":0,"k":100,"ix":7}}]},{"ty":"gr","bm":0,"hd":false,"mn":"ADBE Vector Group","nm":"Group 3","ix":3,"cix":2,"np":2,"it":[{"ty":"sh","bm":0,"hd":false,"mn":"ADBE Vector Shape - Group","nm":"Path 1","ix":1,"d":1,"ks":{"a":0,"k":{"c":true,"i":[[0,0],[0,3.2],[3.2,0],[0,0],[0,-3.2],[-3.2,0]],"o":[[3.2,0],[0,-3.2],[0,0],[-3.2,0],[0,3.2],[0,0]],"v":[[29.15,5.8],[34.95,0],[29.15,-5.8],[-29.15,-5.8],[-34.95,0],[-29.15,5.8]]},"ix":2}},{"ty":"fl","bm":0,"hd":false,"mn":"ADBE Vector Graphic - Fill","nm":"Fill 1","c":{"a":0,"k":[1,1,1],"ix":4},"r":1,"o":{"a":0,"k":100,"ix":5}},{"ty":"tr","a":{"a":0,"k":[0,0],"ix":1},"s":{"a":0,"k":[100,100],"ix":3},"sk":{"a":0,"k":0,"ix":4},"p":{"a":0,"k":[971.35,587.2],"ix":2},"r":{"a":0,"k":0,"ix":6},"sa":{"a":0,"k":0,"ix":5},"o":{"a":0,"k":100,"ix":7}}]},{"ty":"gr","bm":0,"hd":false,"mn":"ADBE Vector Group","nm":"Group 4","ix":4,"cix":2,"np":2,"it":[{"ty":"sh","bm":0,"hd":false,"mn":"ADBE Vector Shape - Group","nm":"Path 1","ix":1,"d":1,"ks":{"a":0,"k":{"c":true,"i":[[-3.2,0],[0,0],[0,3.2],[3.2,0],[0,0],[0,-3.2]],"o":[[0,0],[3.2,0],[0,-3.2],[0,0],[-3.2,0],[0,3.2]],"v":[[-18.65,5.8],[18.65,5.8],[24.45,0],[18.65,-5.8],[-18.65,-5.8],[-24.45,0]]},"ix":2}},{"ty":"fl","bm":0,"hd":false,"mn":"ADBE Vector Graphic - Fill","nm":"Fill 1","c":{"a":0,"k":[1,1,1],"ix":4},"r":1,"o":{"a":0,"k":100,"ix":5}},{"ty":"tr","a":{"a":0,"k":[0,0],"ix":1},"s":{"a":0,"k":[100,100],"ix":3},"sk":{"a":0,"k":0,"ix":4},"p":{"a":0,"k":[899.25,587.2],"ix":2},"r":{"a":0,"k":0,"ix":6},"sa":{"a":0,"k":0,"ix":5},"o":{"a":0,"k":100,"ix":7}}]}],"ind":22,"parent":11},{"ty":4,"nm":"Layer 5 Outlines 2","sr":1,"st":0,"op":240,"ip":0,"hd":false,"ddd":0,"bm":0,"hasMask":false,"ao":0,"ks":{"a":{"a":0,"k":[70.25,52.25,0],"ix":1},"s":{"a":0,"k":[100,100,100],"ix":6},"sk":{"a":0,"k":0},"p":{"a":0,"k":[49.792,24,0],"ix":2},"r":{"a":0,"k":0,"ix":10},"sa":{"a":0,"k":0},"o":{"a":0,"k":100,"ix":11}},"ef":[],"shapes":[{"ty":"gr","bm":0,"hd":false,"mn":"ADBE Vector Group","nm":"Group 1","ix":1,"cix":2,"np":2,"it":[{"ty":"sh","bm":0,"hd":false,"mn":"ADBE Vector Shape - Group","nm":"Path 1","ix":1,"d":1,"ks":{"a":0,"k":{"c":true,"i":[[0,0],[0,0],[0,0],[-4.418,0],[0,0],[0,-4.418]],"o":[[0,0],[0,0],[0,-4.418],[0,0],[4.418,0],[0,0]],"v":[[70,52],[-70,52],[-70,-44],[-62,-52],[62,-52],[70,-44]]},"ix":2}},{"ty":"fl","bm":0,"hd":false,"mn":"ADBE Vector Graphic - Fill","nm":"Fill 1","c":{"a":0,"k":[0,0.6471,0.3765],"ix":4},"r":1,"o":{"a":0,"k":100,"ix":5}},{"ty":"tr","a":{"a":0,"k":[0,0],"ix":1},"s":{"a":0,"k":[100,100],"ix":3},"sk":{"a":0,"k":0,"ix":4},"p":{"a":0,"k":[70.25,52.25],"ix":2},"r":{"a":0,"k":0,"ix":6},"sa":{"a":0,"k":0,"ix":5},"o":{"a":0,"k":100,"ix":7}}]}],"ind":23,"parent":11},{"ty":4,"nm":"dark tile Outlines 3","sr":1,"st":0,"op":240,"ip":0,"hd":false,"ddd":0,"bm":0,"hasMask":false,"ao":0,"ks":{"a":{"a":0,"k":[39.25,25.25,0],"ix":1},"s":{"a":0,"k":[100,100,100],"ix":6},"sk":{"a":0,"k":0},"p":{"a":1,"k":[{"o":{"x":0.167,"y":0.167},"i":{"x":0.833,"y":0.833},"s":[58.5,87.5,0],"t":168,"ti":[0,-13.5833330154419,0],"to":[0,13.5833330154419,0]},{"s":[58.5,169,0],"t":180}],"ix":2},"r":{"a":0,"k":0,"ix":10},"sa":{"a":0,"k":0},"o":{"a":1,"k":[{"o":{"x":0.333,"y":0},"i":{"x":0.667,"y":1},"s":[0],"t":153},{"o":{"x":0.167,"y":0},"i":{"x":0.833,"y":1},"s":[100],"t":156},{"o":{"x":0.248,"y":0},"i":{"x":0.589,"y":1},"s":[100],"t":168},{"o":{"x":0.263,"y":0},"i":{"x":0.841,"y":1},"s":[0],"t":169},{"o":{"x":0.167,"y":0},"i":{"x":0.833,"y":1},"s":[0],"t":180},{"s":[100],"t":182}],"ix":11}},"ef":[],"shapes":[{"ty":"gr","bm":0,"hd":false,"mn":"ADBE Vector Group","nm":"Group 1","ix":1,"cix":2,"np":2,"it":[{"ty":"sh","bm":0,"hd":false,"mn":"ADBE Vector Shape - Group","nm":"Path 1","ix":1,"d":1,"ks":{"a":0,"k":{"c":true,"i":[[2.209,0],[0,0],[0,2.209],[0,0],[-2.209,0],[0,0],[0,-2.209],[0,0]],"o":[[0,0],[-2.209,0],[0,0],[0,-2.209],[0,0],[2.209,0],[0,0],[0,2.209]],"v":[[35,25],[-35,25],[-39,21],[-39,-21],[-35,-25],[35,-25],[39,-21],[39,21]]},"ix":2}},{"ty":"fl","bm":0,"hd":false,"mn":"ADBE Vector Graphic - Fill","nm":"Fill 1","c":{"a":0,"k":[0.7922,0.8471,0.9294],"ix":4},"r":1,"o":{"a":0,"k":100,"ix":5}},{"ty":"tr","a":{"a":0,"k":[0,0],"ix":1},"s":{"a":0,"k":[100,100],"ix":3},"sk":{"a":0,"k":0,"ix":4},"p":{"a":0,"k":[39.25,25.25],"ix":2},"r":{"a":0,"k":0,"ix":6},"sa":{"a":0,"k":0,"ix":5},"o":{"a":0,"k":100,"ix":7}}]}],"ind":24},{"ty":4,"nm":"dark tile Outlines","sr":1,"st":0,"op":240,"ip":0,"hd":false,"ddd":0,"bm":0,"hasMask":false,"ao":0,"ks":{"a":{"a":0,"k":[39.25,25.25,0],"ix":1},"s":{"a":0,"k":[100,100,100],"ix":6},"sk":{"a":0,"k":0},"p":{"a":1,"k":[{"o":{"x":0.167,"y":0.167},"i":{"x":0.833,"y":0.833},"s":[154.5,186.5,0],"t":174,"ti":[-15.75,0,0],"to":[15.5833330154419,0,0]},{"s":[248,186.5,0],"t":186}],"ix":2},"r":{"a":0,"k":0,"ix":10},"sa":{"a":0,"k":0},"o":{"a":1,"k":[{"o":{"x":0.333,"y":0},"i":{"x":0.667,"y":1},"s":[0],"t":155},{"o":{"x":0.167,"y":0},"i":{"x":0.833,"y":1},"s":[100],"t":158},{"o":{"x":0.248,"y":0},"i":{"x":0.589,"y":1},"s":[100],"t":174},{"o":{"x":0.263,"y":0},"i":{"x":0.841,"y":1},"s":[0],"t":175},{"o":{"x":0.167,"y":0},"i":{"x":0.833,"y":1},"s":[0],"t":186},{"s":[100],"t":188}],"ix":11}},"ef":[],"shapes":[{"ty":"gr","bm":0,"hd":false,"mn":"ADBE Vector Group","nm":"Group 1","ix":1,"cix":2,"np":2,"it":[{"ty":"sh","bm":0,"hd":false,"mn":"ADBE Vector Shape - Group","nm":"Path 1","ix":1,"d":1,"ks":{"a":0,"k":{"c":true,"i":[[2.209,0],[0,0],[0,2.209],[0,0],[-2.209,0],[0,0],[0,-2.209],[0,0]],"o":[[0,0],[-2.209,0],[0,0],[0,-2.209],[0,0],[2.209,0],[0,0],[0,2.209]],"v":[[35,25],[-35,25],[-39,21],[-39,-21],[-35,-25],[35,-25],[39,-21],[39,21]]},"ix":2}},{"ty":"fl","bm":0,"hd":false,"mn":"ADBE Vector Graphic - Fill","nm":"Fill 1","c":{"a":0,"k":[0.7922,0.8471,0.9294],"ix":4},"r":1,"o":{"a":0,"k":100,"ix":5}},{"ty":"tr","a":{"a":0,"k":[0,0],"ix":1},"s":{"a":0,"k":[100,100],"ix":3},"sk":{"a":0,"k":0,"ix":4},"p":{"a":0,"k":[39.25,25.25],"ix":2},"r":{"a":0,"k":0,"ix":6},"sa":{"a":0,"k":0,"ix":5},"o":{"a":0,"k":100,"ix":7}}]}],"ind":25},{"ty":4,"nm":"dark tile Outlines 2","sr":1,"st":0,"op":240,"ip":0,"hd":false,"ddd":0,"bm":0,"hasMask":false,"ao":0,"ks":{"a":{"a":0,"k":[39.25,25.25,0],"ix":1},"s":{"a":0,"k":[100,100,100],"ix":6},"sk":{"a":0,"k":0},"p":{"a":1,"k":[{"o":{"x":0.167,"y":0.167},"i":{"x":0.833,"y":0.833},"s":[341.5,137.5,0],"t":177,"ti":[15.4166669845581,13.6666669845581,0],"to":[-15.4166669845581,-13.6666669845581,0]},{"s":[249,55.5,0],"t":189}],"ix":2},"r":{"a":0,"k":0,"ix":10},"sa":{"a":0,"k":0},"o":{"a":1,"k":[{"o":{"x":0.333,"y":0},"i":{"x":0.667,"y":1},"s":[0],"t":158},{"o":{"x":0.167,"y":0},"i":{"x":0.833,"y":1},"s":[100],"t":161},{"o":{"x":0.248,"y":0},"i":{"x":0.589,"y":1},"s":[100],"t":177},{"o":{"x":0.263,"y":0},"i":{"x":0.841,"y":1},"s":[0],"t":178},{"o":{"x":0.167,"y":0},"i":{"x":0.833,"y":1},"s":[0],"t":189},{"s":[100],"t":191}],"ix":11}},"ef":[],"shapes":[{"ty":"gr","bm":0,"hd":false,"mn":"ADBE Vector Group","nm":"Group 1","ix":1,"cix":2,"np":2,"it":[{"ty":"sh","bm":0,"hd":false,"mn":"ADBE Vector Shape - Group","nm":"Path 1","ix":1,"d":1,"ks":{"a":0,"k":{"c":true,"i":[[2.209,0],[0,0],[0,2.209],[0,0],[-2.209,0],[0,0],[0,-2.209],[0,0]],"o":[[0,0],[-2.209,0],[0,0],[0,-2.209],[0,0],[2.209,0],[0,0],[0,2.209]],"v":[[35,25],[-35,25],[-39,21],[-39,-21],[-35,-25],[35,-25],[39,-21],[39,21]]},"ix":2}},{"ty":"fl","bm":0,"hd":false,"mn":"ADBE Vector Graphic - Fill","nm":"Fill 1","c":{"a":0,"k":[0.7922,0.8471,0.9294],"ix":4},"r":1,"o":{"a":0,"k":100,"ix":5}},{"ty":"tr","a":{"a":0,"k":[0,0],"ix":1},"s":{"a":0,"k":[100,100],"ix":3},"sk":{"a":0,"k":0,"ix":4},"p":{"a":0,"k":[39.25,25.25],"ix":2},"r":{"a":0,"k":0,"ix":6},"sa":{"a":0,"k":0,"ix":5},"o":{"a":0,"k":100,"ix":7}}]}],"ind":26},{"ty":4,"nm":"roads Outlines","sr":1,"st":0,"op":240,"ip":0,"hd":false,"ddd":0,"bm":0,"hasMask":true,"ao":0,"ks":{"a":{"a":0,"k":[192.25,107.25,0],"ix":1},"s":{"a":1,"k":[{"o":{"x":0.333,"y":0},"i":{"x":0.667,"y":1},"s":[102.39,102.39,100],"t":120},{"s":[0,0,100],"t":128}],"ix":6},"sk":{"a":0,"k":0},"p":{"a":0,"k":[199.75,122,0],"ix":2},"r":{"a":0,"k":0,"ix":10},"sa":{"a":0,"k":0},"o":{"a":1,"k":[{"o":{"x":0.333,"y":0},"i":{"x":0.667,"y":1},"s":[0],"t":59},{"o":{"x":0.333,"y":0},"i":{"x":0.833,"y":1},"s":[100],"t":64},{"o":{"x":0.167,"y":0},"i":{"x":0.833,"y":1},"s":[100],"t":96},{"s":[100],"t":120}],"ix":11}},"ef":[],"masksProperties":[{"nm":"Mask 1","inv":false,"mode":"a","x":{"a":0,"k":0,"ix":4},"o":{"a":0,"k":100,"ix":3},"pt":{"a":1,"k":[{"o":{"x":0.333,"y":0},"i":{"x":0.667,"y":1},"s":[{"c":true,"i":[[0,0],[0,0],[0,0],[0,0]],"o":[[0,0],[0,0],[0,0],[0,0]],"v":[[373.175,13.613],[22.19,13.613],[22.19,18.863],[373.175,18.863]]}],"t":60},{"o":{"x":0.333,"y":0},"i":{"x":0.833,"y":1},"s":[{"c":true,"i":[[0,0],[0,0],[0,0],[0,0]],"o":[[0,0],[0,0],[0,0],[0,0]],"v":[[373.297,13.613],[22.19,13.613],[22.19,196.003],[373.297,196.003]]}],"t":72},{"o":{"x":0.167,"y":0},"i":{"x":0.833,"y":1},"s":[{"c":true,"i":[[0,0],[0,0],[0,0],[0,0]],"o":[[0,0],[0,0],[0,0],[0,0]],"v":[[373.297,13.613],[22.19,13.613],[22.19,196.003],[373.297,196.003]]}],"t":96},{"s":[{"c":true,"i":[[0,0],[0,0],[0,0],[0,0]],"o":[[0,0],[0,0],[0,0],[0,0]],"v":[[373.297,13.613],[22.19,13.613],[22.19,196.003],[373.297,196.003]]}],"t":120}],"ix":1}}],"shapes":[{"ty":"gr","bm":0,"hd":false,"mn":"ADBE Vector Group","nm":"Group 1","ix":1,"cix":2,"np":7,"it":[{"ty":"sh","bm":0,"hd":false,"mn":"ADBE Vector Shape - Group","nm":"Path 1","ix":1,"d":1,"ks":{"a":0,"k":{"c":false,"i":[[0,0],[0,0],[0,0],[0,0],[0,0],[0,0]],"o":[[0,0],[0,0],[0,0],[0,0],[0,0],[0,0]],"v":[[167.5,-38.75],[110,-38.75],[84,-12.75],[36.5,-12.75],[16.5,7.25],[16.5,54.25]]},"ix":2}},{"ty":"sh","bm":0,"hd":false,"mn":"ADBE Vector Shape - Group","nm":"Path 2","ix":2,"d":1,"ks":{"a":0,"k":{"c":false,"i":[[0,0],[0,0],[0,0],[0,0],[0,0],[0,0]],"o":[[0,0],[0,0],[0,0],[0,0],[0,0],[0,0]],"v":[[-151.5,-103.25],[-151.5,-54.25],[-136,-38.75],[-136,23.25],[-136,71.75],[-167.5,103.25]]},"ix":2}},{"ty":"sh","bm":0,"hd":false,"mn":"ADBE Vector Shape - Group","nm":"Path 3","ix":3,"d":1,"ks":{"a":0,"k":{"c":false,"i":[[0,0],[0,0],[0,0],[0,0]],"o":[[0,0],[0,0],[0,0],[0,0]],"v":[[-209,54.25],[-85.5,54.25],[-17.5,54.25],[16.5,54.25]]},"ix":2}},{"ty":"sh","bm":0,"hd":false,"mn":"ADBE Vector Shape - Group","nm":"Path 4","ix":4,"d":1,"ks":{"a":0,"k":{"c":false,"i":[[0,0],[0,0],[0,0],[0,0]],"o":[[0,0],[0,0],[0,0],[0,0]],"v":[[162,23.25],[71.5,23.25],[40.5,54.25],[16.5,54.25]]},"ix":2}},{"ty":"sh","bm":0,"hd":false,"mn":"ADBE Vector Shape - Group","nm":"Path 5","ix":5,"d":1,"ks":{"a":0,"k":{"c":false,"i":[[0,0],[0,0],[0,0],[0,0],[0,0],[0,0]],"o":[[0,0],[0,0],[0,0],[0,0],[0,0],[0,0]],"v":[[-38,-94.75],[-38,-54.25],[-61,-31.25],[-61,3.75],[-41.5,23.25],[-41.5,103.25]]},"ix":2}},{"ty":"mm","bm":0,"hd":false,"mn":"ADBE Vector Filter - Merge","nm":"Merge Paths 1","mm":1},{"ty":"st","bm":0,"hd":false,"mn":"ADBE Vector Graphic - Stroke","nm":"Stroke 1","lc":1,"lj":1,"ml":4,"o":{"a":0,"k":100,"ix":4},"w":{"a":0,"k":4,"ix":5},"c":{"a":0,"k":[1,0.9333,0.6941],"ix":3}},{"ty":"tr","a":{"a":0,"k":[0,0],"ix":1},"s":{"a":0,"k":[100,100],"ix":3},"sk":{"a":0,"k":0,"ix":4},"p":{"a":0,"k":[213,107.25],"ix":2},"r":{"a":0,"k":0,"ix":6},"sa":{"a":0,"k":0,"ix":5},"o":{"a":0,"k":100,"ix":7}}]}],"ind":27},{"ty":4,"nm":"parks Outlines","sr":1,"st":0,"op":240,"ip":0,"hd":false,"ddd":0,"bm":0,"hasMask":true,"ao":0,"ks":{"a":{"a":0,"k":[169.25,106,0],"ix":1},"s":{"a":1,"k":[{"o":{"x":0.333,"y":0},"i":{"x":0.667,"y":1},"s":[100,100,100],"t":120},{"s":[0,0,100],"t":128}],"ix":6},"sk":{"a":0,"k":0},"p":{"a":0,"k":[200.5,120,0],"ix":2},"r":{"a":0,"k":0,"ix":10},"sa":{"a":0,"k":0},"o":{"a":1,"k":[{"o":{"x":0.333,"y":0},"i":{"x":0.667,"y":1},"s":[0],"t":59},{"o":{"x":0.333,"y":0},"i":{"x":0.833,"y":1},"s":[100],"t":64},{"o":{"x":0.167,"y":0},"i":{"x":0.833,"y":1},"s":[100],"t":96},{"s":[100],"t":120}],"ix":11}},"ef":[],"masksProperties":[{"nm":"Mask 1","inv":false,"mode":"a","x":{"a":0,"k":0,"ix":4},"o":{"a":0,"k":100,"ix":3},"pt":{"a":1,"k":[{"o":{"x":0.333,"y":0},"i":{"x":0.667,"y":1},"s":[{"c":true,"i":[[0,0],[0,0],[0,0],[0,0]],"o":[[0,0],[0,0],[0,0],[0,0]],"v":[[224.75,12.125],[72.75,12.125],[72.75,130.5],[224.75,130.5]]}],"t":60},{"o":{"x":0.333,"y":0},"i":{"x":0.833,"y":1},"s":[{"c":true,"i":[[0,0],[0,0],[0,0],[0,0]],"o":[[0,0],[0,0],[0,0],[0,0]],"v":[[342,12.125],[-2.875,12.125],[-2.875,199.25],[342,199.25]]}],"t":72},{"o":{"x":0.167,"y":0},"i":{"x":0.833,"y":1},"s":[{"c":true,"i":[[0,0],[0,0],[0,0],[0,0]],"o":[[0,0],[0,0],[0,0],[0,0]],"v":[[342,12.125],[-2.875,12.125],[-2.875,199.25],[342,199.25]]}],"t":96},{"s":[{"c":true,"i":[[0,0],[0,0],[0,0],[0,0]],"o":[[0,0],[0,0],[0,0],[0,0]],"v":[[342,12.125],[-2.875,12.125],[-2.875,199.25],[342,199.25]]}],"t":120}],"ix":1}}],"shapes":[{"ty":"gr","bm":0,"hd":false,"mn":"ADBE Vector Group","nm":"Group 1","ix":1,"cix":2,"np":2,"it":[{"ty":"sh","bm":0,"hd":false,"mn":"ADBE Vector Shape - Group","nm":"Path 1","ix":1,"d":1,"ks":{"a":0,"k":{"c":true,"i":[[4.418,0],[0,0],[0,-3.038],[-3.038,0],[0,0],[0.392,-0.392],[0,0],[-3.124,-3.124],[0,0],[-3.124,3.124],[-2.122,0],[0,0],[-1.5,-1.5],[0,0],[-2.122,0],[0,0],[0,-3.176],[-3.176,0],[0,0],[0,4.418],[0,0]],"o":[[0,0],[-3.038,0],[0,3.038],[0,0],[0.554,0],[0,0],[-3.124,3.124],[0,0],[3.124,3.124],[1.5,-1.5],[0,0],[2.123,0],[0,0],[1.5,1.5],[0,0],[3.176,0],[0,3.176],[0,0],[4.418,0],[0,0],[0,-4.418]],"v":[[47.734,-44.5],[-37.766,-44.5],[-43.266,-39],[-37.766,-33.5],[-24.766,-33.5],[-24.328,-32.439],[-52.609,-4.157],[-52.609,7.157],[-40.924,18.843],[-29.609,18.843],[-23.953,16.5],[-18.081,16.5],[-12.424,18.843],[-0.609,30.657],[5.047,33],[18.484,33],[24.234,38.75],[29.984,44.5],[47.734,44.5],[55.734,36.5],[55.734,-36.5]]},"ix":2}},{"ty":"fl","bm":0,"hd":false,"mn":"ADBE Vector Graphic - Fill","nm":"Fill 1","c":{"a":0,"k":[0.8392,0.9137,0.8824],"ix":4},"r":1,"o":{"a":0,"k":100,"ix":5}},{"ty":"tr","a":{"a":0,"k":[0,0],"ix":1},"s":{"a":0,"k":[100,100],"ix":3},"sk":{"a":0,"k":0,"ix":4},"p":{"a":0,"k":[282.516,44.75],"ix":2},"r":{"a":0,"k":0,"ix":6},"sa":{"a":0,"k":0,"ix":5},"o":{"a":0,"k":100,"ix":7}}]},{"ty":"gr","bm":0,"hd":false,"mn":"ADBE Vector Group","nm":"Group 2","ix":2,"cix":2,"np":2,"it":[{"ty":"sh","bm":0,"hd":false,"mn":"ADBE Vector Shape - Group","nm":"Path 1","ix":1,"d":1,"ks":{"a":0,"k":{"c":true,"i":[[4.418,0],[0,0],[0,4.418],[0,0],[1.5,1.5],[0,0],[2.121,0],[0,0],[0,-4.418],[0,0],[-1.519,0],[0,-1.519],[0,0],[-1.5,-1.5],[0,0],[-2.121,0],[0,0],[0,4.418],[0,0]],"o":[[0,0],[-4.418,0],[0,0],[0,-2.121],[0,0],[-1.5,-1.5],[0,0],[-4.418,0],[0,0],[0,1.519],[1.519,0],[0,0],[0,2.121],[0,0],[1.5,1.5],[0,0],[4.418,0],[0,0],[0,-4.418]],"v":[[26.75,10],[22.25,10],[14.25,2],[14.25,-12.687],[11.907,-18.343],[-0.407,-30.657],[-6.063,-33],[-26.75,-33],[-34.75,-25],[-34.75,0.25],[-32,3],[-29.25,5.75],[-29.25,16.187],[-26.907,21.843],[-18.093,30.657],[-12.437,33],[26.75,33],[34.75,25],[34.75,18]]},"ix":2}},{"ty":"fl","bm":0,"hd":false,"mn":"ADBE Vector Graphic - Fill","nm":"Fill 1","c":{"a":0,"k":[0.8392,0.9137,0.8824],"ix":4},"r":1,"o":{"a":0,"k":100,"ix":5}},{"ty":"tr","a":{"a":0,"k":[0,0],"ix":1},"s":{"a":0,"k":[100,100],"ix":3},"sk":{"a":0,"k":0,"ix":4},"p":{"a":0,"k":[35,63.25],"ix":2},"r":{"a":0,"k":0,"ix":6},"sa":{"a":0,"k":0,"ix":5},"o":{"a":0,"k":100,"ix":7}}]},{"ty":"gr","bm":0,"hd":false,"mn":"ADBE Vector Group","nm":"Group 3","ix":3,"cix":2,"np":2,"it":[{"ty":"sh","bm":0,"hd":false,"mn":"ADBE Vector Shape - Group","nm":"Path 1","ix":1,"d":1,"ks":{"a":0,"k":{"c":true,"i":[[0,0],[0,2.128],[0,0],[4.418,0],[0,0],[0,-4.418],[0,0],[0,0],[1.507,-1.501],[0,0],[-7.134,0],[0,0],[0,4.418],[0,0],[1.507,1.501]],"o":[[-1.507,-1.501],[0,0],[0,-4.418],[0,0],[-4.418,0],[0,0],[0,0],[0,2.127],[0,0],[-5.053,5.036],[0,0],[4.418,0],[0,0],[0,-2.127],[0,0]],"v":[[39.403,-24.398],[37.049,-30.065],[37.049,-31],[29.049,-39],[-58.964,-39],[-66.964,-31],[-66.964,2.787],[-66.964,13.392],[-69.318,19.059],[-75.615,25.333],[-69.968,39],[72.668,39],[80.668,31],[80.668,20.038],[78.314,14.37]]},"ix":2}},{"ty":"fl","bm":0,"hd":false,"mn":"ADBE Vector Graphic - Fill","nm":"Fill 1","c":{"a":0,"k":[0.8392,0.9137,0.8824],"ix":4},"r":1,"o":{"a":0,"k":100,"ix":5}},{"ty":"tr","a":{"a":0,"k":[0,0],"ix":1},"s":{"a":0,"k":[100,100],"ix":3},"sk":{"a":0,"k":0,"ix":4},"p":{"a":0,"k":[154.582,172.75],"ix":2},"r":{"a":0,"k":0,"ix":6},"sa":{"a":0,"k":0,"ix":5},"o":{"a":0,"k":100,"ix":7}}]}],"ind":28},{"ty":4,"nm":"water Outlines","sr":1,"st":0,"op":240,"ip":0,"hd":false,"ddd":0,"bm":0,"hasMask":true,"ao":0,"ks":{"a":{"a":0,"k":[134.75,103.25,0],"ix":1},"s":{"a":1,"k":[{"o":{"x":0.333,"y":0},"i":{"x":0.667,"y":1},"s":[100,100,100],"t":120},{"s":[0,0,100],"t":128}],"ix":6},"sk":{"a":0,"k":0},"p":{"a":0,"k":[200.5,120,0],"ix":2},"r":{"a":0,"k":0,"ix":10},"sa":{"a":0,"k":0},"o":{"a":1,"k":[{"o":{"x":0.333,"y":0},"i":{"x":0.667,"y":1},"s":[0],"t":59},{"o":{"x":0.333,"y":0},"i":{"x":0.833,"y":1},"s":[100],"t":64},{"o":{"x":0.167,"y":0},"i":{"x":0.833,"y":1},"s":[100],"t":96},{"s":[100],"t":120}],"ix":11}},"ef":[],"masksProperties":[{"nm":"Mask 1","inv":false,"mode":"a","x":{"a":0,"k":0,"ix":4},"o":{"a":0,"k":100,"ix":3},"pt":{"a":1,"k":[{"o":{"x":0.333,"y":0},"i":{"x":0.667,"y":1},"s":[{"c":true,"i":[[0,0],[0,0],[0,0],[0,0]],"o":[[0,0],[0,0],[0,0],[0,0]],"v":[[239.094,9.375],[33.25,9.375],[33.25,10],[239.094,10]]}],"t":60},{"o":{"x":0.333,"y":0},"i":{"x":0.833,"y":1},"s":[{"c":true,"i":[[0,0],[0,0],[0,0],[0,0]],"o":[[0,0],[0,0],[0,0],[0,0]],"v":[[284.25,9.375],[2.25,9.375],[2.25,196.875],[284.25,196.875]]}],"t":73},{"o":{"x":0.167,"y":0},"i":{"x":0.833,"y":1},"s":[{"c":true,"i":[[0,0],[0,0],[0,0],[0,0]],"o":[[0,0],[0,0],[0,0],[0,0]],"v":[[284.25,9.375],[2.25,9.375],[2.25,196.875],[284.25,196.875]]}],"t":96},{"s":[{"c":true,"i":[[0,0],[0,0],[0,0],[0,0]],"o":[[0,0],[0,0],[0,0],[0,0]],"v":[[284.25,9.375],[2.25,9.375],[2.25,196.875],[284.25,196.875]]}],"t":120}],"ix":1}}],"shapes":[{"ty":"gr","bm":0,"hd":false,"mn":"ADBE Vector Group","nm":"Group 1","ix":1,"cix":2,"np":4,"it":[{"ty":"sh","bm":0,"hd":false,"mn":"ADBE Vector Shape - Group","nm":"Path 1","ix":1,"d":1,"ks":{"a":0,"k":{"c":false,"i":[[0,0],[0,0],[1.5,1.5],[0,0],[0,0],[0,2.121],[0,0]],"o":[[0,0],[0,-2.122],[0,0],[0,0],[-1.5,-1.5],[0,0],[0,0]],"v":[[131.75,94.75],[131.75,50.064],[129.407,44.407],[51.75,-33.25],[13.093,-71.907],[10.75,-77.563],[10.75,-97.25]]},"ix":2}},{"ty":"sh","bm":0,"hd":false,"mn":"ADBE Vector Shape - Group","nm":"Path 2","ix":2,"d":1,"ks":{"a":0,"k":{"c":false,"i":[[0,0],[0,0],[0,-2.121],[0,0],[4.418,0],[0,0],[1.5,-1.5],[0,0],[2.122,0],[0,0],[0,-4.418],[0,0],[1.5,-1.5],[0,0]],"o":[[0,0],[-1.5,1.5],[0,0],[0,4.418],[0,0],[-2.122,0],[0,0],[-1.5,1.5],[0,0],[-4.418,0],[0,0],[0,2.122],[0,0],[0,0]],"v":[[75.25,-100.25],[17.093,-42.093],[14.75,-36.437],[14.75,-23.25],[6.75,-15.25],[-13.936,-15.25],[-19.593,-12.907],[-41.907,9.407],[-47.564,11.75],[-87.75,11.75],[-95.75,19.75],[-95.75,60.936],[-98.093,66.593],[-131.75,100.25]]},"ix":2}},{"ty":"mm","bm":0,"hd":false,"mn":"ADBE Vector Filter - Merge","nm":"Merge Paths 1","mm":1},{"ty":"st","bm":0,"hd":false,"mn":"ADBE Vector Graphic - Stroke","nm":"Stroke 1","lc":1,"lj":1,"ml":4,"o":{"a":0,"k":100,"ix":4},"w":{"a":0,"k":3,"ix":5},"c":{"a":0,"k":[0.7961,0.8706,1],"ix":3}},{"ty":"tr","a":{"a":0,"k":[0,0],"ix":1},"s":{"a":0,"k":[100,100],"ix":3},"sk":{"a":0,"k":0,"ix":4},"p":{"a":0,"k":[134.75,103.25],"ix":2},"r":{"a":0,"k":0,"ix":6},"sa":{"a":0,"k":0,"ix":5},"o":{"a":0,"k":100,"ix":7}}]}],"ind":29},{"ty":4,"nm":"land Outlines","sr":1,"st":0,"op":240,"ip":0,"hd":false,"ddd":0,"bm":0,"hasMask":false,"ao":0,"ks":{"a":{"a":0,"k":[180.25,94.25,0],"ix":1},"s":{"a":1,"k":[{"o":{"x":0.333,"y":0},"i":{"x":0.667,"y":1},"s":[0,0,100],"t":53},{"o":{"x":0.333,"y":0},"i":{"x":0.833,"y":1},"s":[100,100,100],"t":62},{"o":{"x":0.167,"y":0},"i":{"x":0.667,"y":1},"s":[100,100,100],"t":96},{"o":{"x":0.333,"y":0},"i":{"x":0.667,"y":1},"s":[100,100,100],"t":120},{"s":[0,0,100],"t":128}],"ix":6},"sk":{"a":0,"k":0},"p":{"a":1,"k":[{"o":{"x":0.333,"y":0},"i":{"x":0.667,"y":1},"s":[205,230,0],"t":48,"ti":[0,18.3333339691162,0],"to":[0,-18.3333339691162,0]},{"o":{"x":0.167,"y":0.167},"i":{"x":0.833,"y":0.833},"s":[205,120,0],"t":54,"ti":[0,0,0],"to":[0,0,0]},{"o":{"x":0.167,"y":0.167},"i":{"x":0.833,"y":0.833},"s":[205,120,0],"t":96,"ti":[0,0,0],"to":[0,0,0]},{"s":[205,120,0],"t":120}],"ix":2},"r":{"a":0,"k":0,"ix":10},"sa":{"a":0,"k":0},"o":{"a":1,"k":[{"o":{"x":0.333,"y":0},"i":{"x":0.667,"y":1},"s":[0],"t":48},{"o":{"x":0.333,"y":0},"i":{"x":0.833,"y":1},"s":[100],"t":53},{"o":{"x":0.167,"y":0},"i":{"x":0.833,"y":1},"s":[100],"t":96},{"s":[100],"t":120}],"ix":11}},"ef":[],"shapes":[{"ty":"gr","bm":0,"hd":false,"mn":"ADBE Vector Group","nm":"Group 1","ix":1,"cix":2,"np":2,"it":[{"ty":"sh","bm":0,"hd":false,"mn":"ADBE Vector Shape - Group","nm":"Path 1","ix":1,"d":1,"ks":{"a":0,"k":{"c":true,"i":[[-4.418,0],[0,0],[0,-4.418],[0,0],[4.418,0],[0,0],[0,4.418],[0,0]],"o":[[0,0],[4.418,0],[0,0],[0,4.418],[0,0],[-4.418,0],[0,0],[0,-4.418]],"v":[[-172,-94],[172,-94],[180,-86],[180,86],[172,94],[-172,94],[-180,86],[-180,-86]]},"ix":2}},{"ty":"fl","bm":0,"hd":false,"mn":"ADBE Vector Graphic - Fill","nm":"Fill 1","c":{"a":0,"k":[1,0.9686,0.949],"ix":4},"r":1,"o":{"a":0,"k":100,"ix":5}},{"ty":"tr","a":{"a":0,"k":[0,0],"ix":1},"s":{"a":0,"k":[100,100],"ix":3},"sk":{"a":0,"k":0,"ix":4},"p":{"a":0,"k":[180.25,94.25],"ix":2},"r":{"a":0,"k":0,"ix":6},"sa":{"a":0,"k":0,"ix":5},"o":{"a":0,"k":100,"ix":7}}]}],"ind":30},{"ty":4,"nm":"dark tile Outlines 7","sr":1,"st":0,"op":240,"ip":0,"hd":false,"ddd":0,"bm":0,"hasMask":false,"ao":0,"ks":{"a":{"a":0,"k":[39.25,25.25,0],"ix":1},"s":{"a":0,"k":[100,100,100],"ix":6},"sk":{"a":0,"k":0},"p":{"a":1,"k":[{"o":{"x":0.333,"y":0},"i":{"x":0.667,"y":1},"s":[248,93.5,0],"t":185,"ti":[0,-4.41666650772095,0],"to":[0,4.41666650772095,0]},{"s":[248,120,0],"t":190}],"ix":2},"r":{"a":0,"k":0,"ix":10},"sa":{"a":0,"k":0},"o":{"a":1,"k":[{"o":{"x":0.333,"y":0},"i":{"x":0.667,"y":1},"s":[0],"t":128},{"o":{"x":0.333,"y":0},"i":{"x":0.667,"y":1},"s":[100],"t":140},{"o":{"x":0.333,"y":0},"i":{"x":0.667,"y":1},"s":[100],"t":185},{"s":[100],"t":190}],"ix":11}},"ef":[],"shapes":[{"ty":"gr","bm":0,"hd":false,"mn":"ADBE Vector Group","nm":"Group 1","ix":1,"cix":2,"np":2,"it":[{"ty":"sh","bm":0,"hd":false,"mn":"ADBE Vector Shape - Group","nm":"Path 1","ix":1,"d":1,"ks":{"a":0,"k":{"c":true,"i":[[2.209,0],[0,0],[0,2.209],[0,0],[-2.209,0],[0,0],[0,-2.209],[0,0]],"o":[[0,0],[-2.209,0],[0,0],[0,-2.209],[0,0],[2.209,0],[0,0],[0,2.209]],"v":[[35,25],[-35,25],[-39,21],[-39,-21],[-35,-25],[35,-25],[39,-21],[39,21]]},"ix":2}},{"ty":"fl","bm":0,"hd":false,"mn":"ADBE Vector Graphic - Fill","nm":"Fill 1","c":{"a":0,"k":[0.9608,0.9765,1],"ix":4},"r":1,"o":{"a":0,"k":100,"ix":5}},{"ty":"tr","a":{"a":0,"k":[0,0],"ix":1},"s":{"a":0,"k":[100,100],"ix":3},"sk":{"a":0,"k":0,"ix":4},"p":{"a":0,"k":[39.25,25.25],"ix":2},"r":{"a":0,"k":0,"ix":6},"sa":{"a":0,"k":0,"ix":5},"o":{"a":0,"k":100,"ix":7}}]}],"ind":31},{"ty":4,"nm":"dark tile Outlines 8","sr":1,"st":0,"op":240,"ip":0,"hd":false,"ddd":0,"bm":0,"hasMask":false,"ao":0,"ks":{"a":{"a":0,"k":[39.25,25.25,0],"ix":1},"s":{"a":0,"k":[100,100,100],"ix":6},"sk":{"a":0,"k":0},"p":{"a":1,"k":[{"o":{"x":0.167,"y":0.167},"i":{"x":0.833,"y":0.833},"s":[248,194.5,0],"t":179,"ti":[0,0,0],"to":[0,0,0]},{"s":[248,194.5,0],"t":184}],"ix":2},"r":{"a":0,"k":0,"ix":10},"sa":{"a":0,"k":0},"o":{"a":1,"k":[{"o":{"x":0.333,"y":0},"i":{"x":0.667,"y":1},"s":[0],"t":128},{"o":{"x":0.333,"y":0},"i":{"x":0.667,"y":1},"s":[100],"t":140},{"o":{"x":0.333,"y":0},"i":{"x":0.667,"y":1},"s":[100],"t":179},{"s":[0],"t":184}],"ix":11}},"ef":[],"shapes":[{"ty":"gr","bm":0,"hd":false,"mn":"ADBE Vector Group","nm":"Group 1","ix":1,"cix":2,"np":2,"it":[{"ty":"sh","bm":0,"hd":false,"mn":"ADBE Vector Shape - Group","nm":"Path 1","ix":1,"d":1,"ks":{"a":0,"k":{"c":true,"i":[[2.209,0],[0,0],[0,2.209],[0,0],[-2.209,0],[0,0],[0,-2.209],[0,0]],"o":[[0,0],[-2.209,0],[0,0],[0,-2.209],[0,0],[2.209,0],[0,0],[0,2.209]],"v":[[35,25],[-35,25],[-39,21],[-39,-21],[-35,-25],[35,-25],[39,-21],[39,21]]},"ix":2}},{"ty":"fl","bm":0,"hd":false,"mn":"ADBE Vector Graphic - Fill","nm":"Fill 1","c":{"a":0,"k":[0.9608,0.9765,1],"ix":4},"r":1,"o":{"a":0,"k":100,"ix":5}},{"ty":"tr","a":{"a":0,"k":[0,0],"ix":1},"s":{"a":0,"k":[100,100],"ix":3},"sk":{"a":0,"k":0,"ix":4},"p":{"a":0,"k":[39.25,25.25],"ix":2},"r":{"a":0,"k":0,"ix":6},"sa":{"a":0,"k":0,"ix":5},"o":{"a":0,"k":100,"ix":7}}]}],"ind":32},{"ty":4,"nm":"dark tile Outlines 5","sr":1,"st":0,"op":240,"ip":0,"hd":false,"ddd":0,"bm":0,"hasMask":false,"ao":0,"ks":{"a":{"a":0,"k":[39.25,25.25,0],"ix":1},"s":{"a":0,"k":[100,100,100],"ix":6},"sk":{"a":0,"k":0},"p":{"a":0,"k":[153.5,59,0],"ix":2},"r":{"a":0,"k":0,"ix":10},"sa":{"a":0,"k":0},"o":{"a":1,"k":[{"o":{"x":0.167,"y":0.167},"i":{"x":0.833,"y":0.833},"s":[0],"t":128},{"s":[100],"t":140}],"ix":11}},"ef":[],"shapes":[{"ty":"gr","bm":0,"hd":false,"mn":"ADBE Vector Group","nm":"Group 1","ix":1,"cix":2,"np":2,"it":[{"ty":"sh","bm":0,"hd":false,"mn":"ADBE Vector Shape - Group","nm":"Path 1","ix":1,"d":1,"ks":{"a":0,"k":{"c":true,"i":[[2.209,0],[0,0],[0,2.209],[0,0],[-2.209,0],[0,0],[0,-2.209],[0,0]],"o":[[0,0],[-2.209,0],[0,0],[0,-2.209],[0,0],[2.209,0],[0,0],[0,2.209]],"v":[[35,25],[-35,25],[-39,21],[-39,-21],[-35,-25],[35,-25],[39,-21],[39,21]]},"ix":2}},{"ty":"fl","bm":0,"hd":false,"mn":"ADBE Vector Graphic - Fill","nm":"Fill 1","c":{"a":0,"k":[0.9608,0.9765,1],"ix":4},"r":1,"o":{"a":0,"k":100,"ix":5}},{"ty":"tr","a":{"a":0,"k":[0,0],"ix":1},"s":{"a":0,"k":[100,100],"ix":3},"sk":{"a":0,"k":0,"ix":4},"p":{"a":0,"k":[39.25,25.25],"ix":2},"r":{"a":0,"k":0,"ix":6},"sa":{"a":0,"k":0,"ix":5},"o":{"a":0,"k":100,"ix":7}}]}],"ind":33},{"ty":4,"nm":"dark tile Outlines 6","sr":1,"st":0,"op":240,"ip":0,"hd":false,"ddd":0,"bm":0,"hasMask":false,"ao":0,"ks":{"a":{"a":0,"k":[39.25,25.25,0],"ix":1},"s":{"a":0,"k":[100,100,100],"ix":6},"sk":{"a":0,"k":0},"p":{"a":0,"k":[153.5,131.5,0],"ix":2},"r":{"a":0,"k":0,"ix":10},"sa":{"a":0,"k":0},"o":{"a":1,"k":[{"o":{"x":0.167,"y":0.167},"i":{"x":0.833,"y":0.833},"s":[0],"t":128},{"s":[100],"t":140}],"ix":11}},"ef":[],"shapes":[{"ty":"gr","bm":0,"hd":false,"mn":"ADBE Vector Group","nm":"Group 1","ix":1,"cix":2,"np":2,"it":[{"ty":"sh","bm":0,"hd":false,"mn":"ADBE Vector Shape - Group","nm":"Path 1","ix":1,"d":1,"ks":{"a":0,"k":{"c":true,"i":[[2.209,0],[0,0],[0,2.209],[0,0],[-2.209,0],[0,0],[0,-2.209],[0,0]],"o":[[0,0],[-2.209,0],[0,0],[0,-2.209],[0,0],[2.209,0],[0,0],[0,2.209]],"v":[[35,25],[-35,25],[-39,21],[-39,-21],[-35,-25],[35,-25],[39,-21],[39,21]]},"ix":2}},{"ty":"fl","bm":0,"hd":false,"mn":"ADBE Vector Graphic - Fill","nm":"Fill 1","c":{"a":0,"k":[0.9608,0.9765,1],"ix":4},"r":1,"o":{"a":0,"k":100,"ix":5}},{"ty":"tr","a":{"a":0,"k":[0,0],"ix":1},"s":{"a":0,"k":[100,100],"ix":3},"sk":{"a":0,"k":0,"ix":4},"p":{"a":0,"k":[39.25,25.25],"ix":2},"r":{"a":0,"k":0,"ix":6},"sa":{"a":0,"k":0,"ix":5},"o":{"a":0,"k":100,"ix":7}}]}],"ind":34},{"ty":4,"nm":"dark tile Outlines 4","sr":1,"st":0,"op":240,"ip":0,"hd":false,"ddd":0,"bm":0,"hasMask":false,"ao":0,"ks":{"a":{"a":0,"k":[39.25,25.25,0],"ix":1},"s":{"a":0,"k":[100,100,100],"ix":6},"sk":{"a":0,"k":0},"p":{"a":1,"k":[{"o":{"x":0.333,"y":0},"i":{"x":0.667,"y":1},"s":[58.5,145,0],"t":173,"ti":[0,7.66666650772095,0],"to":[0,-7.66666650772095,0]},{"s":[58.5,99,0],"t":178}],"ix":2},"r":{"a":0,"k":0,"ix":10},"sa":{"a":0,"k":0},"o":{"a":1,"k":[{"o":{"x":0.333,"y":0},"i":{"x":0.667,"y":1},"s":[0],"t":128},{"o":{"x":0.333,"y":0},"i":{"x":0.667,"y":1},"s":[100],"t":140},{"o":{"x":0.333,"y":0},"i":{"x":0.667,"y":1},"s":[100],"t":173},{"s":[100],"t":178}],"ix":11}},"ef":[],"shapes":[{"ty":"gr","bm":0,"hd":false,"mn":"ADBE Vector Group","nm":"Group 1","ix":1,"cix":2,"np":2,"it":[{"ty":"sh","bm":0,"hd":false,"mn":"ADBE Vector Shape - Group","nm":"Path 1","ix":1,"d":1,"ks":{"a":0,"k":{"c":true,"i":[[2.209,0],[0,0],[0,2.209],[0,0],[-2.209,0],[0,0],[0,-2.209],[0,0]],"o":[[0,0],[-2.209,0],[0,0],[0,-2.209],[0,0],[2.209,0],[0,0],[0,2.209]],"v":[[35,25],[-35,25],[-39,21],[-39,-21],[-35,-25],[35,-25],[39,-21],[39,21]]},"ix":2}},{"ty":"fl","bm":0,"hd":false,"mn":"ADBE Vector Graphic - Fill","nm":"Fill 1","c":{"a":0,"k":[0.9608,0.9765,1],"ix":4},"r":1,"o":{"a":0,"k":100,"ix":5}},{"ty":"tr","a":{"a":0,"k":[0,0],"ix":1},"s":{"a":0,"k":[100,100],"ix":3},"sk":{"a":0,"k":0,"ix":4},"p":{"a":0,"k":[39.25,25.25],"ix":2},"r":{"a":0,"k":0,"ix":6},"sa":{"a":0,"k":0,"ix":5},"o":{"a":0,"k":100,"ix":7}}]}],"ind":35},{"ty":4,"nm":"schedule bg Outlines 2","sr":1,"st":0,"op":240,"ip":0,"hd":false,"ddd":0,"bm":0,"hasMask":false,"ao":0,"ks":{"a":{"a":0,"k":[43.25,221.75,0],"ix":1},"s":{"a":1,"k":[{"o":{"x":0.333,"y":0},"i":{"x":0.667,"y":1},"s":[100,0,100],"t":128},{"s":[100,100,100],"t":137}],"ix":6},"sk":{"a":0,"k":0},"p":{"a":0,"k":[59,230,0],"ix":2},"r":{"a":0,"k":0,"ix":10},"sa":{"a":0,"k":0},"o":{"a":0,"k":100,"ix":11}},"ef":[],"shapes":[{"ty":"gr","bm":0,"hd":false,"mn":"ADBE Vector Group","nm":"Group 1","ix":1,"cix":2,"np":2,"it":[{"ty":"sh","bm":0,"hd":false,"mn":"ADBE Vector Shape - Group","nm":"Path 1","ix":1,"d":1,"ks":{"a":0,"k":{"c":true,"i":[[4.418,0],[0,0],[0,4.418],[0,0],[-4.418,0],[0,0],[0,-4.418],[0,0]],"o":[[0,0],[-4.418,0],[0,0],[0,-4.418],[0,0],[4.418,0],[0,0],[0,4.418]],"v":[[35,111.5],[-35,111.5],[-43,103.5],[-43,-103.5],[-35,-111.5],[35,-111.5],[43,-103.5],[43,103.5]]},"ix":2}},{"ty":"fl","bm":0,"hd":false,"mn":"ADBE Vector Graphic - Fill","nm":"Fill 1","c":{"a":0,"k":[0.8902,0.9294,1],"ix":4},"r":1,"o":{"a":0,"k":100,"ix":5}},{"ty":"tr","a":{"a":0,"k":[0,0],"ix":1},"s":{"a":0,"k":[100,100],"ix":3},"sk":{"a":0,"k":0,"ix":4},"p":{"a":0,"k":[43.25,111.75],"ix":2},"r":{"a":0,"k":0,"ix":6},"sa":{"a":0,"k":0,"ix":5},"o":{"a":0,"k":100,"ix":7}}]}],"ind":36},{"ty":4,"nm":"schedule bg Outlines 3","sr":1,"st":0,"op":240,"ip":0,"hd":false,"ddd":0,"bm":0,"hasMask":false,"ao":0,"ks":{"a":{"a":0,"k":[43.25,222.75,0],"ix":1},"s":{"a":1,"k":[{"o":{"x":0.333,"y":0},"i":{"x":0.667,"y":1},"s":[100,0,100],"t":129},{"s":[100,100,100],"t":138}],"ix":6},"sk":{"a":0,"k":0},"p":{"a":0,"k":[153.333,231,0],"ix":2},"r":{"a":0,"k":0,"ix":10},"sa":{"a":0,"k":0},"o":{"a":0,"k":100,"ix":11}},"ef":[],"shapes":[{"ty":"gr","bm":0,"hd":false,"mn":"ADBE Vector Group","nm":"Group 1","ix":1,"cix":2,"np":2,"it":[{"ty":"sh","bm":0,"hd":false,"mn":"ADBE Vector Shape - Group","nm":"Path 1","ix":1,"d":1,"ks":{"a":0,"k":{"c":true,"i":[[4.418,0],[0,0],[0,4.418],[0,0],[-4.418,0],[0,0],[0,-4.418],[0,0]],"o":[[0,0],[-4.418,0],[0,0],[0,-4.418],[0,0],[4.418,0],[0,0],[0,4.418]],"v":[[35,111.5],[-35,111.5],[-43,103.5],[-43,-103.5],[-35,-111.5],[35,-111.5],[43,-103.5],[43,103.5]]},"ix":2}},{"ty":"fl","bm":0,"hd":false,"mn":"ADBE Vector Graphic - Fill","nm":"Fill 1","c":{"a":0,"k":[0.8902,0.9294,1],"ix":4},"r":1,"o":{"a":0,"k":100,"ix":5}},{"ty":"tr","a":{"a":0,"k":[0,0],"ix":1},"s":{"a":0,"k":[100,100],"ix":3},"sk":{"a":0,"k":0,"ix":4},"p":{"a":0,"k":[43.25,111.75],"ix":2},"r":{"a":0,"k":0,"ix":6},"sa":{"a":0,"k":0,"ix":5},"o":{"a":0,"k":100,"ix":7}}]}],"ind":37},{"ty":4,"nm":"schedule bg Outlines 4","sr":1,"st":0,"op":240,"ip":0,"hd":false,"ddd":0,"bm":0,"hasMask":false,"ao":0,"ks":{"a":{"a":0,"k":[43.75,222.25,0],"ix":1},"s":{"a":1,"k":[{"o":{"x":0.333,"y":0},"i":{"x":0.667,"y":1},"s":[100,0,100],"t":130},{"s":[100,100,100],"t":139}],"ix":6},"sk":{"a":0,"k":0},"p":{"a":0,"k":[248.167,230.5,0],"ix":2},"r":{"a":0,"k":0,"ix":10},"sa":{"a":0,"k":0},"o":{"a":0,"k":100,"ix":11}},"ef":[],"shapes":[{"ty":"gr","bm":0,"hd":false,"mn":"ADBE Vector Group","nm":"Group 1","ix":1,"cix":2,"np":2,"it":[{"ty":"sh","bm":0,"hd":false,"mn":"ADBE Vector Shape - Group","nm":"Path 1","ix":1,"d":1,"ks":{"a":0,"k":{"c":true,"i":[[4.418,0],[0,0],[0,4.418],[0,0],[-4.418,0],[0,0],[0,-4.418],[0,0]],"o":[[0,0],[-4.418,0],[0,0],[0,-4.418],[0,0],[4.418,0],[0,0],[0,4.418]],"v":[[35,111.5],[-35,111.5],[-43,103.5],[-43,-103.5],[-35,-111.5],[35,-111.5],[43,-103.5],[43,103.5]]},"ix":2}},{"ty":"fl","bm":0,"hd":false,"mn":"ADBE Vector Graphic - Fill","nm":"Fill 1","c":{"a":0,"k":[0.8902,0.9294,1],"ix":4},"r":1,"o":{"a":0,"k":100,"ix":5}},{"ty":"tr","a":{"a":0,"k":[0,0],"ix":1},"s":{"a":0,"k":[100,100],"ix":3},"sk":{"a":0,"k":0,"ix":4},"p":{"a":0,"k":[43.25,111.75],"ix":2},"r":{"a":0,"k":0,"ix":6},"sa":{"a":0,"k":0,"ix":5},"o":{"a":0,"k":100,"ix":7}}]}],"ind":38},{"ty":4,"nm":"schedule bg Outlines","sr":1,"st":0,"op":240,"ip":0,"hd":false,"ddd":0,"bm":0,"hasMask":false,"ao":0,"ks":{"a":{"a":0,"k":[43.75,223.25,0],"ix":1},"s":{"a":1,"k":[{"o":{"x":0.333,"y":0},"i":{"x":0.667,"y":1},"s":[100,0,100],"t":131},{"s":[100,100,100],"t":140}],"ix":6},"sk":{"a":0,"k":0},"p":{"a":0,"k":[342.5,231.5,0],"ix":2},"r":{"a":0,"k":0,"ix":10},"sa":{"a":0,"k":0},"o":{"a":0,"k":100,"ix":11}},"ef":[],"shapes":[{"ty":"gr","bm":0,"hd":false,"mn":"ADBE Vector Group","nm":"Group 1","ix":1,"cix":2,"np":2,"it":[{"ty":"sh","bm":0,"hd":false,"mn":"ADBE Vector Shape - Group","nm":"Path 1","ix":1,"d":1,"ks":{"a":0,"k":{"c":true,"i":[[4.418,0],[0,0],[0,4.418],[0,0],[-4.418,0],[0,0],[0,-4.418],[0,0]],"o":[[0,0],[-4.418,0],[0,0],[0,-4.418],[0,0],[4.418,0],[0,0],[0,4.418]],"v":[[35,111.5],[-35,111.5],[-43,103.5],[-43,-103.5],[-35,-111.5],[35,-111.5],[43,-103.5],[43,103.5]]},"ix":2}},{"ty":"fl","bm":0,"hd":false,"mn":"ADBE Vector Graphic - Fill","nm":"Fill 1","c":{"a":0,"k":[0.8902,0.9294,1],"ix":4},"r":1,"o":{"a":0,"k":100,"ix":5}},{"ty":"tr","a":{"a":0,"k":[0,0],"ix":1},"s":{"a":0,"k":[100,100],"ix":3},"sk":{"a":0,"k":0,"ix":4},"p":{"a":0,"k":[43.25,111.75],"ix":2},"r":{"a":0,"k":0,"ix":6},"sa":{"a":0,"k":0,"ix":5},"o":{"a":0,"k":100,"ix":7}}]}],"ind":39}],"v":"5.4.3","fr":24,"op":240,"ip":0,"assets":[]}